"Nome_estado","setor","emp","dep","sit","capital","desp_investimento","lucros","link","indicio_dependencia","tipo_indicio"
"Acre","ABASTECIMENTO DE ALIMENTOS E OUTROS INSUMOS","Companhia Industrial de Laticínios do Acre  CILA","Dependente","ATIVA",0,1686.87,142443.37,NA,"DEPENDENTE",NA
"Acre","ABASTECIMENTO DE ALIMENTOS E OUTROS INSUMOS","Companhia de Armazéns e Entrepostos do Acre  CAGEACRE","Dependente","ATIVA",0,0,678045.71,NA,"DEPENDENTE",NA
"Acre","DESENVOLVIMENTO REGIONAL","Administradora da Zona de Processamento de Exportação do Acre  AZPEAC","Dependente","ATIVA",0,0,0,NA,"DEPENDENTE",NA
"Acre","DESENVOLVIMENTO REGIONAL","Companhia Agência de Desenvolvimento e Serviços Ambientais do Estado do Acre  CDSA","Dependente","ATIVA",997100,0,-24631.91,NA,"DEPENDENTE",NA
"Acre","DESENVOLVIMENTO REGIONAL","Companhia de Colonização do Acre  COLONACRE","Dependente","EM LIQUIDAÇÃO",0,0,46963.39,NA,"DEPENDENTE",NA
"Acre","DESENVOLVIMENTO REGIONAL","Companhia de Desenvolvimento Industrial do Acre  CODISACRE","Dependente","ATIVA",0,244185.81,693377.74,NA,"DEPENDENTE",NA
"Acre","FINANCEIRO","Banco do Estado do Acre  BANACRE","Dependente","EM LIQUIDAÇÃO",0,2348.39,-2514600.66,NA,"DEPENDENTE",NA
"Acre","HABITAÇÃO E URBANIZAÇÃO","Companhia de Habitação do Acre  COHABACRE","Dependente","ATIVA",0,0,3953141.14,NA,"DEPENDENTE",NA
"Acre","INFORMÁTICA E TECNOLOGIA DA INFORMAÇÃO","Empresa de Processamento de Dados do Acre  ACREDATA","Dependente","ATIVA",0,0,11811971.51,NA,"DEPENDENTE",NA
"Acre","OUTROS","Agencia de Negócios do Estado do Acre  ANAC","Dependente","ATIVA",9762781.21,0,-10051185.58,NA,"DEPENDENTE",NA
"Acre","PESQUISA E ASSISTÊNCIA TÉCNICA AGROPECUÁRIA","Empresa de Assistência Técnica e Extensão Rural do Acre  EMATER","Dependente","ATIVA",0,0,167735.68,NA,"DEPENDENTE",NA
"Acre","SANEAMENTO","Companhia de Saneamento do Acre  SANACRE","Dependente","ATIVA",0,0,91692.53,NA,"DEPENDENTE",NA
"Alagoas","COMUNICAÇÃO","Companhia de Edição Impressão e Publicação de Alagoas","Não Dependente","ATIVA",0,0,-5899240.4,"https://www,imprensaoficial,al,gov,br/storage/files/2025/04/Carta_Anual_de_Políticas_Públicas_CEPAL_Aprovada_Conselho_2024,pdf","NÃO DEPENDENTE",NA
"Alagoas","FINANCEIRO","Agência de Fomento de Alagoas  Desenvolve","Dependente","ATIVA",0,0,-7444000,NA,"DEPENDENTE",NA
"Alagoas","FINANCEIRO","Banco do Estado de Alagoas SA","Dependente","EM LIQUIDAÇÃO",0,0,-20349597.22,NA,"DEPENDENTE",NA
"Alagoas","GESTÃO DE ATIVOS","Alagoas Ativos SA","Não Dependente","ATIVA",0,0,646243.59,NA,"NÃO DEPENDENTE",NA
"Alagoas","GÁS E DERIVADOS","Gás de Alagoas SA","Não Dependente","ATIVA",0,34430657.7,40882909.78,"https://governanca,algas,com,br/carta-anual-de-politicas-publicas-e-governanca-corporativa","NÃO DEPENDENTE",NA
"Alagoas","HABITAÇÃO E URBANIZAÇÃO","Companhia Alagoana de Recursos Humanos e Patrimoniais","Dependente","EM LIQUIDAÇÃO",0,323632.27,-22558097.95,NA,"DEPENDENTE",NA
"Alagoas","OUTROS","Serviços de Engenharia de Alagoas SA","Dependente","EM LIQUIDAÇÃO",0,0,0,NA,"DEPENDENTE",NA
"Alagoas","SANEAMENTO","Companhia de Saneamento de Alagoas","Não Dependente","ATIVA",231811627.53,11453707.22,76660074,"https://www,casal,al,gov,br/arquivos/carta-anual-de-politicas-publicas-e-governanca-corporativa-2024/","NÃO DEPENDENTE",NA
"Alagoas","SAÚDE","Laboratório Industrial Farmacêutico","Dependente","EM LIQUIDAÇÃO",0,0,86544.66,NA,"DEPENDENTE",NA
"Amapá","FINANCEIRO","AGÊNCIA DE FOMENTO POPULAR","Não Dependente","ATIVA",39255740.08,0,-1045966.91,NA,"NÃO DEPENDENTE",NA
"Amapá","GÁS E DERIVADOS","COMPANHIA DE GÁS DO AMAPÁ","Não Dependente","ATIVA",0,0,332463.03,"https://gasap,com,br/acesso-a-informacao/governanca/carta-anual-de-governanca","NÃO DEPENDENTE",NA
"Amapá","SANEAMENTO","COMPANHIA DE ÁGUA E ESGOTO DO AMAPÁ","Dependente","ATIVA",52607136.35,519101.98,-123318303.7,"caesa,portal,ap,gov,br","DEPENDENTE",NA
"Amazonas","DESENVOLVIMENTO REGIONAL","Agência de Desenvolvimento Sustentável do Amazonas","Dependente","ATIVA",0,0,-4743532.02,"Não possui","DEPENDENTE",NA
"Amazonas","DESENVOLVIMENTO REGIONAL","Cia de Desenvolvimento do Estado do Amazonas","Dependente","ATIVA",32494407.36,0,-18991278.86,"www,ciama,am,gov,br","DEPENDENTE",NA
"Amazonas","FINANCEIRO","Agência de Fomento do Estado do Amazonas","Não Dependente","ATIVA",0,322025464.15,14463129.66,"https://www,afeam,am,gov,br/wpcontent/ uploads/2025/04/CARTAANUAL¿ 2024,pdf","NÃO DEPENDENTE",NA
"Amazonas","GESTÃO DE ATIVOS","Cia Amazonense de Desenvolvimento e Mobilização de Ativos","Não Dependente","ATIVA",0,0,6811743,"https://www,cada,am,gov,br/wpcontent/uploads/2025/02/Carta-Anual-2025-Data-Base-2024,pdf","NÃO DEPENDENTE",NA
"Amazonas","GÁS E DERIVADOS","Cia de Gás do Amazonas","Não Dependente","ATIVA",0,22339239.86,197284083.29,"https://www,cigas-am,com,br/relatorio-de-sustentabilidade","NÃO DEPENDENTE",NA
"Amazonas","INFORMÁTICA E TECNOLOGIA DA INFORMAÇÃO","Processamento de Dados do Amazonas","Não Dependente","ATIVA",0,9098462,9749845,"https://prodam,am,gov,br/acesso-a-informacao/carta-de-governanca-2024/","NÃO DEPENDENTE",NA
"Amazonas","SANEAMENTO","Cia de Saneamento do Amazonas","Dependente","ATIVA",0,4303097.24,-8231341.87,"Não foi publicada carta anual,","DEPENDENTE",NA
"Amazonas","TURISMO","Empresa Estadual de Turismo","Dependente","ATIVA",0,38772283,-803617.85,"https://www,amazonastur,am,gov,br/wpcontent/ uploads/2024/10/amazonastur-cartaservicos- 2024,pdf","DEPENDENTE",NA
"Bahia","ABASTECIMENTO DE ALIMENTOS E OUTROS INSUMOS","BAHIA PESCA SA","Dependente","ATIVA",0,865276,3377901,"https://www,ba,gov,br/bahiapesca/sites/site-bahiapesca/files/2024-12/Carta%20Anual%20exerc%C3%ADcio%202023,pdf","DEPENDENTE",NA
"Bahia","DESENVOLVIMENTO REGIONAL","COMPANHA DE DESENVOLVIMENTO E AÇÃO REGIONAL","Dependente","ATIVA",12513332.2,0,2270183.67,"https://www,car,ba,gov,br/sites/default/files/2025-01/Carta%20Anual%202025,pdf","DEPENDENTE",NA
"Bahia","FINANCEIRO","AGÊNCIA DE FOMENTO DO ESTADO DA BAHIA","Não Dependente","ATIVA",0,0,96535176.27,"https://www,desenbahia,ba,gov,br/wp-content/uploads/2024/05/carta-anual-politicas-publicas-e-governanca-corporativa-2023-revfinal,pdf","NÃO DEPENDENTE",NA
"Bahia","GESTÃO DE ATIVOS","EMPRESA BAIANA DE ATIVOS SA","Não Dependente","ATIVA",2e+06,204804.5,-7564609.45,"CARTA-ANUAL-BI-2024_2025_28_04_25-Assinada-compactado,pdf","NÃO DEPENDENTE",NA
"Bahia","GÁS E DERIVADOS","COMPANHIA DE GÁS DA BAHIA","Não Dependente","ATIVA",0,236254413.1,197681366.04,"https://www,bahiagas,com,br/sobre-a-bahiagas/cartas-anuais","NÃO DEPENDENTE",NA
"Bahia","HABITAÇÃO E URBANIZAÇÃO","COMPANHIA DE DESENVOLVIMENTO URBANO DO ESTADO DA BAHIA","Dependente","ATIVA",0,0,-14979510.74,"https://www,conder,ba,gov,br/sites/default/files/2024-04/CARTA GOVERNANÇA 2024_0,pdf","DEPENDENTE",NA
"Bahia","HABITAÇÃO E URBANIZAÇÃO","HABITAÇÃO E URBANIZAÇÃO DA BAHIA SA","Não Dependente","EM LIQUIDAÇÃO",0,0,-72337244.98,NA,"NÃO DEPENDENTE",NA
"Bahia","INFORMÁTICA E TECNOLOGIA DA INFORMAÇÃO","COMPANHIA DE PROCESSAMENTO DE DADOS DO ESTADO DA BAHIA","Não Dependente","ATIVA",2424661,10868764,18634675,"https://www,prodeb,ba,gov,br/transparencia/governanca-corporativa/carta-anual-de-politicas-publicas-e-governanca-corporativa","NÃO DEPENDENTE",NA
"Bahia","INFORMÁTICA E TECNOLOGIA DA INFORMAÇÃO","EMPRESA GRÁFICA DA BAHIA","Não Dependente","ATIVA",0,0,5291485,NA,"NÃO DEPENDENTE",NA
"Bahia","MINERAÇÃO","COMPANHIA BAIANA DE PESQUISA MINERAL","Dependente","ATIVA",0,787226,-10532825.51,"http://www,cbpm,ba,gov,br/transparencia/carta-anual-de-politicas-publicas-e-governanca-corporativa/","DEPENDENTE",NA
"Bahia","SANEAMENTO","COMPANHIA DE ENGENHARIA HÍDRICA E DE SANEAMENTO DA BAHIA","Dependente","ATIVA",0,86292044.93,14284705.45,"http://www,cerb,ba,gov,br/sites/www,cerb,ba,gov,br/files/a_cerb/nosso_papel/page/files/CARTA_ANUAL_2024_VF,pdf","DEPENDENTE",NA
"Bahia","SANEAMENTO","EMPRESA BAIANA DE ÁGUAS E SANEAMENTO","Não Dependente","ATIVA",57503611.32,1167333164.69,1007478338.81,"https://www,embasa,ba,gov,br/a-embasa/quem-somos/governanca/carta-anual-de-politicas-publicas-de-governanca-corporativa","NÃO DEPENDENTE",NA
"Bahia","TRANSPORTE","COMPANHIA DE TRANSPORTE DO ESTADO DA BAHIA","Dependente","ATIVA",22737270.41,237429000,-11730794.86,NA,"DEPENDENTE",NA
"Ceará","ABASTECIMENTO DE ALIMENTOS E OUTROS INSUMOS","Centrais de Abastecimento do Ceará SA","Não Dependente","ATIVA",0,0,66798,NA,"NÃO DEPENDENTE",NA
"Ceará","DESENVOLVIMENTO REGIONAL","Agência de Desenvolvimento do Estado do Ceará SA","Não Dependente","ATIVA",0,26175954,16820593,NA,"NÃO DEPENDENTE",NA
"Ceará","DESENVOLVIMENTO REGIONAL","ZPE Ceará","Não Dependente","ATIVA",0,3495688.47,13568036.05,"https://zpeceara,com,br/wp-content/uploads/2024/05/Carta-Anual-2023_ZPE,pdf","NÃO DEPENDENTE",NA
"Ceará","GESTÃO DE ATIVOS","Companhia de Participação de Ativos do Ceará","Não Dependente","ATIVA",0,88157.72,-245882.77,"https://cppub,cepart,com,br/upload/docInst/Carta_Anual_2023_cearapar,pdf","NÃO DEPENDENTE",NA
"Ceará","GÁS E DERIVADOS","Companhia de Gás do Ceará","Não Dependente","ATIVA",0,35321589.49,53836634.67,"https://www,cegas,com,br","NÃO DEPENDENTE",NA
"Ceará","HABITAÇÃO E URBANIZAÇÃO","Companhia de Habitação do Ceará","Dependente","EM LIQUIDAÇÃO",0,66780,-10281440.12,NA,"DEPENDENTE",NA
"Ceará","INFORMÁTICA E TECNOLOGIA DA INFORMAÇÃO","Empresa de Tecnologia da Informação do Ceará","Dependente","ATIVA",0,141910,23493609,"https://www,etice,ce,gov,br/cartas-anuais-de-politicas-publicas-e-governanca-corporativa/","DEPENDENTE",NA
"Ceará","PESQUISA E ASSISTÊNCIA TÉCNICA AGROPECUÁRIA","Empresa de Assistência Técnica e Extensão Rural do Ceará","Dependente","ATIVA",0,0,-476324.62,NA,"DEPENDENTE",NA
"Ceará","PORTOS E HIDROVIAS","Companhia de Desenvolvimento do Complexo Industrial e Portuário do Pecém  CIPP SA","Não Dependente","ATIVA",0,49933261.37,98567134.51,"https://www,complexodopecem,com,br/wp-content/uploads/2021/10/Carta-Anual-2024,pdf","NÃO DEPENDENTE",NA
"Ceará","SANEAMENTO","Companhia de Gestão dos Recursos Hídricos","Não Dependente","ATIVA",2796936,13273633,14241975,"https://portal,cogerh,com,br/wp-content/uploads/2024/10/ASGRC%202024%20CARTA%20ANUAL%20ano%20base%202023%20,pdf","NÃO DEPENDENTE",NA
"Ceará","SANEAMENTO","Companhia de Água e Esgoto do Ceará","Não Dependente","ATIVA",0,1319920214.5,354050012.94,"https://www,cagece,com,br/wp-content/uploads/PDF/Governanca/Documentos/DocumentosdeRegulacaoInterna/CartaAnual/Carta-Anual-de-Politicas-Publicas-e-Governanca-Corporativa-2023,pdf","NÃO DEPENDENTE",NA
"Ceará","TRANSPORTE","Companhia Cearense de Transportes Metropolitanos","Não Dependente","ATIVA",0,8617638.54,-67338882.65,"https://www,metrofor,ce,gov,br/wp-content/uploads/sites/32/2022/03/Carta_Poli%CC%81ticas_Pu%CC%81blicasGovernanc%CC%A7a-2021,pdf","NÃO DEPENDENTE",NA
"Distrito Federal","ABASTECIMENTO DE ALIMENTOS E OUTROS INSUMOS","Centrais de Abastecimento do Distrito Federal","Não Dependente","ATIVA",0,0,1866173.98,NA,"NÃO DEPENDENTE",NA
"Distrito Federal","DESENVOLVIMENTO REGIONAL","BIOTIC SA","Não Dependente","ATIVA",-5794655,1515396.62,28800626,"https://www,bioticsa,com,br/pdf/Carta_governanca_Bioti","NÃO DEPENDENTE",NA
"Distrito Federal","DESENVOLVIMENTO REGIONAL","Empresa de Regularização de Terras Rurais","Dependente","ATIVA",0,859790,-9380301,NA,"DEPENDENTE",NA
"Distrito Federal","DESENVOLVIMENTO REGIONAL","PROFLORA","Não Dependente","EM LIQUIDAÇÃO",0,0,-7200331.14,NA,"NÃO DEPENDENTE",NA
"Distrito Federal","ENERGIA","CEB Geração","Não Dependente","ATIVA",0,768850.49,-629528.41,"https://www,ceb,com,br/Documentos,aspx?IdCanal=hD8pqKNE+C5Xrd39y4J+Tg==","NÃO DEPENDENTE",NA
"Distrito Federal","ENERGIA","CEB Iluminação Pública e Serviços","Não Dependente","ATIVA",0,327950,14013461.95,NA,"NÃO DEPENDENTE",NA
"Distrito Federal","ENERGIA","CEB Lajeado","Não Dependente","ATIVA",0,0,104989869.34,NA,"NÃO DEPENDENTE",NA
"Distrito Federal","ENERGIA","CEB Participações","Não Dependente","ATIVA",0,1821286.26,17304561.86,NA,"NÃO DEPENDENTE",NA
"Distrito Federal","ENERGIA","Companhia Energética de Brasília","Não Dependente","ATIVA",0,0,174228036.26,"https://www,ceb,com,br/Download,aspx?Arquivo=8AtZ9IcMZPUukeHBXSgE3w==&IdCanal=D0mlLqYnKldOCQKkP4Skqg==","NÃO DEPENDENTE",NA
"Distrito Federal","FINANCEIRO","BRB  Administradora e Corretora de Seguros SA","Não Dependente","ATIVA",0,0,80614672.41,NA,"NÃO DEPENDENTE",NA
"Distrito Federal","FINANCEIRO","BRB Crédito Financiamento e Investimento","Não Dependente","ATIVA",0,0,141054314.85,NA,"NÃO DEPENDENTE",NA
"Distrito Federal","FINANCEIRO","BRB Distribuidora de Títulos e Valores Mobiliários","Não Dependente","ATIVA",0,0,5674698.68,NA,"NÃO DEPENDENTE",NA
"Distrito Federal","FINANCEIRO","BRB Participacoes","Não Dependente","ATIVA",0,0,0,NA,"NÃO DEPENDENTE",NA
"Distrito Federal","FINANCEIRO","BRB Serviços","Não Dependente","ATIVA",0,0,-26500068,NA,"NÃO DEPENDENTE",NA
"Distrito Federal","FINANCEIRO","Banco Regional de Brasília","Não Dependente","ATIVA",0,206086925.48,195716826.59,"https://ri,brb,com,br/pt/carta-anual-de-politicas-publicas-e-governanca-corporativa","NÃO DEPENDENTE",NA
"Distrito Federal","FINANCEIRO","Cartão BRB","Não Dependente","ATIVA",0,124046687.11,36771132.82,"https://www,brbcard,com,br/wp-content/uploads/2024/09/Carta-Anual-Poli4cas-Publicas-Gov-Corpora4va-2023-vf,pdf","NÃO DEPENDENTE",NA
"Distrito Federal","GESTÃO DE ATIVOS","Companhia de Planejamento do Distrito Federal","Dependente","ATIVA",0,0,-96518.78,NA,"DEPENDENTE",NA
"Distrito Federal","GÁS E DERIVADOS","Companhia Brasiliense de Gás","Não Dependente","ATIVA",0,0,-1029544.37,NA,"NÃO DEPENDENTE",NA
"Distrito Federal","HABITAÇÃO E URBANIZAÇÃO","Companhia Imobiliária de Brasília","Não Dependente","ATIVA",0,241820000,-165203510.17,"https://www,terracap,df,gov,br/index,php/carta-deservico/imprimaaqui-a-carta-deservico","NÃO DEPENDENTE",NA
"Distrito Federal","HABITAÇÃO E URBANIZAÇÃO","Companhia Urbanizadora da Nova Capital do Brasil","Dependente","ATIVA",0,2827683.65,-35717755.62,NA,"DEPENDENTE",NA
"Distrito Federal","HABITAÇÃO E URBANIZAÇÃO","Companhia de Desenvolvimento Habitacional do Distrito Federal","Dependente","ATIVA",37029932,0,-56499578.51,NA,"DEPENDENTE",NA
"Distrito Federal","PESQUISA E ASSISTÊNCIA TÉCNICA AGROPECUÁRIA","Empresa de Assistência Técnica e Extensão Rural do Distrito Federal","Dependente","ATIVA",10350559.11,0,19285188.13,"https://emater,df,gov,br/category/carta-de-servicos/","DEPENDENTE",NA
"Distrito Federal","SANEAMENTO","Companhia de Saneamento Ambiental do Distrito Federal","Não Dependente","ATIVA",0,372533309.09,90460720,"https://www,caesb,df,gov,br/empresa/governanca-corporativa/carta-anual,html","NÃO DEPENDENTE",NA
"Distrito Federal","SANEAMENTO","Sociedade de Abastecimento de Brasília","Dependente","EM LIQUIDAÇÃO",0,0,252652.15,NA,"DEPENDENTE",NA
"Distrito Federal","TRANSPORTE","Companhia do Metropolitano do Distrito Federal","Dependente","ATIVA",44635186.69,51402371.66,-540400194.94,"https://metro,df,gov,br/?page_id=37077","DEPENDENTE",NA
"Distrito Federal","TRANSPORTE","Sociedade de Transportes Coletivos de Brasília","Dependente","ATIVA",0,0,-36494715.71,NA,"DEPENDENTE",NA
"Espiríto Santo","ABASTECIMENTO DE ALIMENTOS E OUTROS INSUMOS","Ceasa  Centrais de Abastecimento do Espirito Santo SA","Dependente","ATIVA",0,0,794552.61,"https://ioes,dio,es,gov,br/portal/visualizacoes/pdf/10176#/p:47/e:10176?find=ceasa","DEPENDENTE",NA
"Espiríto Santo","COMUNICAÇÃO","Fundação Carmelia Maria de Souza Cultura e Comunicação Pública","Não Dependente","ATIVA",4.2e+07,0,1815812.38,"não se aplica","NÃO DEPENDENTE",NA
"Espiríto Santo","FINANCEIRO","Bandes  Banco de Desenvolvimento do Espírito Santo SA","Não Dependente","ATIVA",0,4083775,99380415.62,"https://www,bandes,com,br/Site/Dinamico/Show/933/Governanca-Corporativa#","NÃO DEPENDENTE",NA
"Espiríto Santo","FINANCEIRO","Banestes  Banco do Estado do Espirito Santo","Não Dependente","ATIVA",0,249965387.56,392487112.26,"https://ri,banestes,com,br","NÃO DEPENDENTE",NA
"Espiríto Santo","HABITAÇÃO E URBANIZAÇÃO","COHAB  Companhia de Habitação e Urbanização do Estado do Espirito Santo  Em Liquidação","Não Dependente","EM LIQUIDAÇÃO",0,0,-147350.05,"https://seger,es,gov,br/autarquias","NÃO DEPENDENTE",NA
"Espiríto Santo","SANEAMENTO","Cesan  Companhia Espirito Santense de Saneamento","Não Dependente","ATIVA",0,0,202438661.35,"https://www,cesan,com,br/wp-content/uploads/2024/07/Carta-Anual-de-Politicas-Publicas-3,pdf","NÃO DEPENDENTE",NA
"Espiríto Santo","TRANSPORTE","Ceturb  Companhia Estadual de Transportes Coletivos de Passageiros do Espirito Santo","Não Dependente","ATIVA",79629108.43,799246.52,2119642.44,"https://centraldebalancos,estaleiro,serpro,gov,br/centraldebalancos/#/ver-demonstracao/212163","NÃO DEPENDENTE",NA
"Goiás","ABASTECIMENTO DE ALIMENTOS E OUTROS INSUMOS","Centrais de Abastecimento de Goiás SA","Não Dependente","ATIVA",0,1830220.8,823698.66,"https://goias,gov,br/ceasa/carta-anual-de-governanca-corporativa/","NÃO DEPENDENTE",NA
"Goiás","COMUNICAÇÃO","Goiás Telecomunicções SA","Dependente","ATIVA",0,0,1310016.03,"https://goiastelecom,go,gov,br","DEPENDENTE",NA
"Goiás","DESENVOLVIMENTO REGIONAL","Companhia de Desenvolvimento Econômico de Goiás","Não Dependente","ATIVA",0,0,-52937445,"https://www,codego,com,br/acesso-a-informacao/carta-anual-de-politicas-publicas-e-governanca-corporativa/","NÃO DEPENDENTE",NA
"Goiás","ENERGIA","Companhia Celg de Participações","Não Dependente","ATIVA",0,21027359.49,37486205.48,"https://ri,celgpar,com/BuscaPagina,aspx?ID={41799EC4-9CB4-4F81-BC75-64087B8BE678}","NÃO DEPENDENTE",NA
"Goiás","ENERGIA","Firminópolis Transmissão SA","Não Dependente","ATIVA",0,0,4756432.61,"https://ri,celgpar,com/BuscaPagina,aspx?ID={41799EC4-9CB4-4F81-BC75-64087B8BE678}","NÃO DEPENDENTE",NA
"Goiás","ENERGIA","Lago Azul Transmissão SA","Não Dependente","ATIVA",0,0,2116812.39,"https://ri,celgpar,com/BuscaPagina,aspx?ID={41799EC4-9CB4-4F81-BC75-64087B8BE678}","NÃO DEPENDENTE",NA
"Goiás","FINANCEIRO","Agência de Fomento de Goiás SA","Não Dependente","ATIVA",0,0,3573169.57,"https://www,goiasfomento,com/wp-content/uploads/2024/06/Carta-Anual-de-Politicas-Publicas-e-Governanca-Corporativa-2024-Ano-Base-2023-Final,pdf","NÃO DEPENDENTE",NA
"Goiás","FINANCEIRO","Caixa Econômica do Estado de Goiás","Não Dependente","EM LIQUIDAÇÃO",0,0,0,NA,"NÃO DEPENDENTE",NA
"Goiás","GESTÃO DE ATIVOS","Companhia de Investimento e Parcerias do Estado de Goiás","Não Dependente","ATIVA",40735547.38,0,-327241.99,"https://goias,gov,br/goiasparcerias/","NÃO DEPENDENTE",NA
"Goiás","GÁS E DERIVADOS","Agência Goiana de Gás Canalizado SA","Não Dependente","ATIVA",368899,7550.09,-886415.29,"https://www,goiasgas,com,br/ckfinder/userfiles/files/Carta%20de%20Governan%C3%A7a/2023%20a%202027/Carta%20Anual%20de%20Governan%C3%A7a%20Corporativa,%20exerc%C3%ADcio%202024,pdf","NÃO DEPENDENTE",NA
"Goiás","HABITAÇÃO E URBANIZAÇÃO","Agência Goiana de Habitação SA","Dependente","ATIVA",8877149.13,291778988.34,146950636.65,"https://goias,gov,br/agehab/carta-anual-de-governanca-corporativa/","DEPENDENTE",NA
"Goiás","INFORMÁTICA E TECNOLOGIA DA INFORMAÇÃO","Empresa Estadual de Processamento de Dados de Goiás","Não Dependente","EM LIQUIDAÇÃO",49945272.45,0,62664207.67,"http://www,administracao,go,gov,br","NÃO DEPENDENTE",NA
"Goiás","SANEAMENTO","Saneamento de Goiás SA","Não Dependente","ATIVA",0,782274567.01,621593855.36,"https://ri,saneago,com,br/Download,aspx?Arquivo=P4Gr3BzsOg27HPr+600Irw==&linguagem=pt","NÃO DEPENDENTE",NA
"Goiás","SAÚDE","Indústria Química do Estado de Goiás","Dependente","ATIVA",16516253.32,0,-185231.32,"https://goias,gov,br/iquego/balancos-contabeis/","DEPENDENTE",NA
"Goiás","TRANSPORTE","Companhia Metropolitana de Transportes Coletivos","Não Dependente","ATIVA",5870000,0,-6592973.17,"https://cmtcrmg,com,br/pasta/prestacao-de-contas/","NÃO DEPENDENTE",NA
"Goiás","TRANSPORTE","Metrobus Transporte Coletivo SA","Dependente","ATIVA",2024,0,-1963928.77,"https://goias,gov,br/metrobus/","DEPENDENTE",NA
"Maranhão","GESTÃO DE ATIVOS","Maranhão Parcerias","Não Dependente","ATIVA",57233360.29,0,-59216926.92,"https://mapa,ma,gov,br/uploads/mapa/docs/Carta_Anual_2024,pdf","NÃO DEPENDENTE",NA
"Maranhão","GÁS E DERIVADOS","Companhia Maranhense de Gás","Não Dependente","ATIVA",0,53078051.32,24465519.67,"https://www,gasmar,com,br/carta-anual-de-governanca","NÃO DEPENDENTE",NA
"Maranhão","PORTOS E HIDROVIAS","Empresa Maranhense de Administração Portuária","Não Dependente","ATIVA",5e+06,136340021.81,85242915.69,"https://www,portodoitaqui,com/emap/carta-anual","NÃO DEPENDENTE",NA
"Maranhão","SANEAMENTO","Companhia de Saneamento Ambiental do Maranhão","Não Dependente","ATIVA",143586647.4,44331819.74,-422274077.96,"https://www,caema,ma,gov,br/index,php/a-caema/governanca/carta-anual","NÃO DEPENDENTE",NA
"Maranhão","SAÚDE","Empresa Maranhense de Serviços Hospitalares","Não Dependente","ATIVA",0,1982224.1,-89943597.79,"https://www,emserh,ma,gov,br/wp-content/uploads/2025/05/RELATORIO_ANUAL_DA_ADMINISTRACAO_2024,pdf","NÃO DEPENDENTE",NA
"Mato Grosso","DESENVOLVIMENTO REGIONAL","MT PAR CONCESSOES SA subsidiaria","Dependente","ATIVA",0,0,0,"-","DEPENDENTE",NA
"Mato Grosso","FINANCEIRO","AGÊNCIA DE FOMENTO DO ESTADO DE MATO GROSSO SA","Não Dependente","ATIVA",0,4068,4919619,"-","NÃO DEPENDENTE",NA
"Mato Grosso","GESTÃO DE ATIVOS","MT PARTICIPAÇÕES E PROJETOS SA holding","Dependente","ATIVA",0,53312410.11,38357340.44,"https://www,mtpar,mt,gov,br/cartaanual","DEPENDENTE",NA
"Mato Grosso","GÁS E DERIVADOS","COMPANHIA MATOGROSSENSE DE GAS","Dependente","ATIVA",0,852340.08,0,"-","DEPENDENTE",NA
"Mato Grosso","INFORMÁTICA E TECNOLOGIA DA INFORMAÇÃO","EMPRESA MATOGROSSENSE DE TECNOLOGIA DA INFORMAÇÃO","Dependente","ATIVA",9399850.97,55079369.64,2196138.02,"https://www,mti,mt,gov,br/documents/2458894/0/Carta%202025,pdf/d3c48823-c553-a181-3b1e-3f056d46ecf9","DEPENDENTE",NA
"Mato Grosso","MINERAÇÃO","COMPANHIA MATOGROSSENSE DE MINERAÇÃO","Dependente","EM LIQUIDAÇÃO",0,1162596,-6844361,"-","DEPENDENTE",NA
"Mato Grosso","OUTROS","CONCESSIONARIA ROTA DO OESTE SA subsidiaria","Não Dependente","ATIVA",3.5e+08,1196770000,344203000,"-","NÃO DEPENDENTE",NA
"Mato Grosso","PESQUISA E ASSISTÊNCIA TÉCNICA AGROPECUÁRIA","EMPRESA MATOGROSSENSE DE PESQUISA ASSISTÊNCIA TÉCNICA E EXTENSÃO RURAL","Dependente","ATIVA",0,3062369.86,3510344.61,"-","DEPENDENTE",NA
"Mato Grosso","PORTOS E HIDROVIAS","TERMINAL PORTUARIO DE CACERES SA subsidiaria","Dependente","ATIVA",0,0,0,"-","DEPENDENTE",NA
"Mato Grosso","SANEAMENTO","COMPANHIA DE SANEAMENTO DO ESTADO DE MATO GROSSO","Dependente","EM LIQUIDAÇÃO",0,0,-13857395.01,"-","DEPENDENTE",NA
"Mato Grosso","TURISMO","MT PARQUES SA subsidiaria","Dependente","ATIVA",0,0,0,"-","DEPENDENTE",NA
"Mato Grosso do Sul","ABASTECIMENTO DE ALIMENTOS E OUTROS INSUMOS","CENTRAIS DE ABASTECIMENTO DE MATO GROSSO DO SUL SA  CEASAMS","Não Dependente","ATIVA",0,4055355.13,887475.99,NA,"NÃO DEPENDENTE",NA
"Mato Grosso do Sul","ABASTECIMENTO DE ALIMENTOS E OUTROS INSUMOS","EMPRESA DE SERVIÇOS AGROPECUÁRIOS DE MS  AGROSUL","Dependente","EM LIQUIDAÇÃO",0,0,-85216056.49,NA,"DEPENDENTE",NA
"Mato Grosso do Sul","FINANCEIRO","LOTESUL  LOTERIAL ESTADUAL DE MS","Não Dependente","ATIVA",0,0,0,NA,"NÃO DEPENDENTE",NA
"Mato Grosso do Sul","GÁS E DERIVADOS","COMPANHIA DE GAS DO ESTADO DE MATO GROSSO DO SUL","Não Dependente","ATIVA",0,29146880.55,43489794.69,NA,"NÃO DEPENDENTE",NA
"Mato Grosso do Sul","MINERAÇÃO","EMPRESA DE GESTÃO DE RECURSOS MINERAIS  MS MINERAL","Dependente","ATIVA",0,0,-138579.05,NA,"DEPENDENTE",NA
"Mato Grosso do Sul","SANEAMENTO","EMPRESA DE SANEAMENTO DE MATO GROSSO DO SUL SA  SANESUL","Não Dependente","ATIVA",0,236421341.36,90586784.7,"https://www,sanesul,ms,gov,br/Content/upload/Carta-Anual-de-Politicas-e-Governanca-Corporativa-2023,pdf","NÃO DEPENDENTE",NA
"Minas Gerais","COMUNICAÇÃO","EMPRESA MINEIRA DE COMUNICAÇÃO LTDA  EMC","Dependente","ATIVA",0,0,829328.57,"Cartas","DEPENDENTE",NA
"Minas Gerais","DESENVOLVIMENTO REGIONAL","COMPANHIA DE DESENVOLVIMENTO DE MINAS GERAIS  CODEMGE","Não Dependente","ATIVA",0,8674651.71,891168243.77,"http://www,codemge,com,br/a-codemge/governanca/","NÃO DEPENDENTE",NA
"Minas Gerais","DESENVOLVIMENTO REGIONAL","COMPANHIA DE DESENVOLVIMENTO ECONÔMICO DE MINAS GERAIS  CODEMIG","Não Dependente","ATIVA",0,0,1732350393.18,"http://www,codemig,com,br/a-codemig/governanca/","NÃO DEPENDENTE",NA
"Minas Gerais","ENERGIA","COMPANHIA ENERGÉTICA DE MINAS GERAIS  CEMIG ","Não Dependente","ATIVA",0,5713680000,7119287000,"https://www,cemig,com,br/wp-content/uploads/2025/05/carta-politicas-publicas-2024,pdf","NÃO DEPENDENTE",NA
"Minas Gerais","FINANCEIRO","BANCO DE DESENVOLVIMENTO DE MINAS GERAIS SA  BDMG","Não Dependente","ATIVA",0,21622577.3,134545295.6,"https://www,bdmg,mg,gov,br/wp-content/uploads/2025/05/Carta-Anual-de-PP-e-GC,Versao-final-CAD,pdf","NÃO DEPENDENTE",NA
"Minas Gerais","GESTÃO DE ATIVOS","MINAS GERAIS ADMINISTRAÇÃO E SERVIÇOS SA  MGS","Não Dependente","ATIVA",0,5804708.68,87388294.44,"https://www,mgs,srv,br/detalhe-da-materia/info/cartas-anuais/16767","NÃO DEPENDENTE",NA
"Minas Gerais","GESTÃO DE ATIVOS","MINAS GERAIS PARTICIPAÇÕES SA  MGI","Não Dependente","ATIVA",0,0,37554565.05,"https://www,mgipar,com,br/governanca/PoliticasPublicasEGovernancas","NÃO DEPENDENTE",NA
"Minas Gerais","GÁS E DERIVADOS","COMPANHIA DE GÁS DE MINAS GERAIS  GASMIG","Não Dependente","ATIVA",0,358433565.97,497906912.35,"https://api,mziq,com/mzfilemanager/v2/d/f991396d-aa51-4366-b93d-af70a51d7b15/7c093c09-7c01-1933-d794-782d358ffae1?origin=1","NÃO DEPENDENTE",NA
"Minas Gerais","HABITAÇÃO E URBANIZAÇÃO","COMPANHIA DE HABITAÇÃO DO ESTADO DE MINAS GERAIS  COHAB MINAS","Não Dependente","ATIVA",69712750.65,0,-45750000,"http://200,198,20,180/wp-content/uploads/2025/04/5-Carta-Anual-de-Politicas-Publicas-e-Governanca-Corporativa-2024-2025,pdf","NÃO DEPENDENTE",NA
"Minas Gerais","INFORMÁTICA E TECNOLOGIA DA INFORMAÇÃO","COMPANHIA DE TECNOLOGIA DA INFORMAÇÃO DO ESTADO DE MINAS GERAIS  PRODEMGE","Não Dependente","ATIVA",0,14581738.32,37565212.81,"https://www,prodemge,gov,br/governanca/carta-anual","NÃO DEPENDENTE",NA
"Minas Gerais","PESQUISA E ASSISTÊNCIA TÉCNICA AGROPECUÁRIA","EMPRESA DE ASSISTÊNCIA TÉCNICA E EXTENSAO RURAL DO ESTADO DE MINAS GERAIS  EMATERMG","Dependente","ATIVA",0,20355152,-13963005.26,"https://www,emater,mg,gov,br/doc/REL_ATIVIDADE/relatorio_de_administracao_2024,pdf","DEPENDENTE",NA
"Minas Gerais","PESQUISA E ASSISTÊNCIA TÉCNICA AGROPECUÁRIA","EMPRESA DE PESQUISA AGROPECUÁRIA DE MINAS GERAIS  EPAMIG","Dependente","ATIVA",0,11875469.06,2487805.84,"https://www,epamig,br/institucional/carta-de-governanca-e-politicas-publicas-epamig/","DEPENDENTE",NA
"Minas Gerais","SANEAMENTO","COMPANHIA DE SANEAMENTO DE MINAS GERAIS  COPASA MG","Não Dependente","ATIVA",0,1938860917.96,1316920190.06,"https://api,mziq,com/mzfilemanager/v2/d/8bdb3906-0618-4e78-bbe3-a0be9f02d8cc/a7009a9b-f55f-b849-0b93-adf0fca37706?origin=2","NÃO DEPENDENTE",NA
"Minas Gerais","SANEAMENTO","COPASA SERVIÇOS DE SANEAMENTO INTEGRADO DO NORTE E NORDESTE DE MINAS GERAIS SA  COPANOR","Não Dependente","ATIVA",0,46049968.92,-9505323.09,"https://api,mziq,com/mzfilemanager/v2/d/8bdb3906-0618-4e78-bbe3-a0be9f02d8cc/a7009a9b-f55f-b849-0b93-adf0fca37706?origin=3","NÃO DEPENDENTE",NA
"Minas Gerais","TRANSPORTE","TREM METROPOLITANO DE BELO HORIZONTE SA  METROMINAS","Não Dependente","ATIVA",0,0,-80681,"https://www,gov,br/centraldebalancos/#/demonstracao-publicada/197448","NÃO DEPENDENTE",NA
"Paraná","ABASTECIMENTO DE ALIMENTOS E OUTROS INSUMOS","Centrais de Abastecimento do Paraná SA","Não Dependente","ATIVA",0,18812544.14,1805000,"https://www,ceasa,pr,gov,br/Pagina/Governanca-Corporativa","NÃO DEPENDENTE",NA
"Paraná","FINANCEIRO","Agência de Fomento do Paraná SA","Não Dependente","ATIVA",0,617246.23,198518432.02,"https://www,fomento,pr,gov,br/sites/default/arquivos_restritos/files/documento/2025-03/carta_anual_governanca_2023_1,pdf","NÃO DEPENDENTE",NA
"Paraná","HABITAÇÃO E URBANIZAÇÃO","Companhia de Habitação do Paraná","Dependente","ATIVA",412791989.88,81993439.56,-47337285.97,NA,"DEPENDENTE",NA
"Paraná","INFORMÁTICA E TECNOLOGIA DA INFORMAÇÃO","Companhia de Tecnologia da Informação e Comunicação do Paraná","Não Dependente","ATIVA",0,61518758,338988220,"https://www,celepar,pr,gov,br/sites/celepar/arquivos_restritos/files/documento/2025-05/cartaanualdegovernancaexercicio2024,pdf","NÃO DEPENDENTE",NA
"Paraná","PORTOS E HIDROVIAS","Administração dos Portos de Paranaguá e Antonina","Não Dependente","ATIVA",0,117818300.08,121546815.67,"https://www,portosdoparana,pr,gov,br/sites/portos/arquivos_restritos/files/documento/2024-07/carta_de_governanca_2023_publicavel,pdf","NÃO DEPENDENTE",NA
"Paraná","SANEAMENTO","Companhia de Saneamento do Paraná","Não Dependente","ATIVA",0,1908907990.33,1545347170.4,"https://ri,sanepar,com,br/governanca-corporativa/praticas-de-governanca-corporativa/2024","NÃO DEPENDENTE",NA
"Paraná","SAÚDE","Instituto de Tecnologia do Paraná","Dependente","ATIVA",0,34762.14,6593085.82,NA,"DEPENDENTE",NA
"Paraná","TRANSPORTE","Estrada de Ferro Paraná Oeste SA","Não Dependente","ATIVA",44186843.33,10023222.54,16403891.92,NA,"NÃO DEPENDENTE",NA
"Paraíba","ABASTECIMENTO DE ALIMENTOS E OUTROS INSUMOS","Empresa Paraibana de Abastecimento e Serviços Agrícolas","Dependente","EM LIQUIDAÇÃO",0,0,-3358877.08,NA,"DEPENDENTE",NA
"Paraíba","COMUNICAÇÃO","Empresa Paraibana de Comunicação","Não Dependente","ATIVA",0,289171.89,-2893409.2,NA,"NÃO DEPENDENTE",NA
"Paraíba","DESENVOLVIMENTO REGIONAL","Companhia de Desenvolvimento da Paraíba","Dependente","ATIVA",0,775949.86,1316395.09,NA,"DEPENDENTE",NA
"Paraíba","GÁS E DERIVADOS","Companhia Paraibana de Gás","Não Dependente","ATIVA",0,11986000,6823000,"https://pbgas,com,br/relatorios-de-administracao/","NÃO DEPENDENTE",NA
"Paraíba","HABITAÇÃO E URBANIZAÇÃO","Companhia Estadual de Habitação Popular","Dependente","ATIVA",10059079,31260219.86,0,NA,"DEPENDENTE",NA
"Paraíba","INFORMÁTICA E TECNOLOGIA DA INFORMAÇÃO","Companhia de Processamento de Dados da Paraíba","Não Dependente","ATIVA",0,0,-2702694.82,NA,"NÃO DEPENDENTE",NA
"Paraíba","MINERAÇÃO","Companhia de Desenvolvimento de Recursos Minerais da Paraíba","Dependente","EM LIQUIDAÇÃO",0,0,0,NA,"DEPENDENTE",NA
"Paraíba","PESQUISA E ASSISTÊNCIA TÉCNICA AGROPECUÁRIA","Empresa Estadual de Pesquisa Agropecuária","Dependente","EM LIQUIDAÇÃO",791511,0,-316471,NA,"DEPENDENTE",NA
"Paraíba","PESQUISA E ASSISTÊNCIA TÉCNICA AGROPECUÁRIA","Empresa Paraibana de Pesquisa Extensão Rural e Regularização Fundiária","Dependente","ATIVA",0,1178579.28,219175.3,"https://empaer,pb,gov,br/servicos","DEPENDENTE",NA
"Paraíba","PESQUISA E ASSISTÊNCIA TÉCNICA AGROPECUÁRIA","Empresa de Assistência Técnica e Extensão Rural da Paraíba","Dependente","EM LIQUIDAÇÃO",0,0,-19402.22,NA,"DEPENDENTE",NA
"Paraíba","PORTOS E HIDROVIAS","Companhia Docas da Paraíba","Não Dependente","ATIVA",0,38632838.35,1120953,NA,"NÃO DEPENDENTE",NA
"Paraíba","SANEAMENTO","Companhia de Água e Esgotos da Paraíba","Não Dependente","ATIVA",101950388.91,248497647.08,231020423.91,"https://www,cagepa,pb,gov,br/carta-anual/","NÃO DEPENDENTE",NA
"Paraíba","SAÚDE","Laboratório Industrial Farmacêutico do Estado da Paraíba SA","Dependente","ATIVA",0,0,-338992.67,NA,"DEPENDENTE",NA
"Paraíba","TURISMO","Empresa Paraibana de Turismo SA","Dependente","ATIVA",0,0,-674246.11,"https://www,pbtur,pb,gov,br/","DEPENDENTE",NA
"Paraíba","TURISMO","PBTUR Hotéis SA","Dependente","ATIVA",701977.56,0,-36950434.45,"https://www,pbtur,pb,gov,br/","DEPENDENTE",NA
"Pará","ABASTECIMENTO DE ALIMENTOS E OUTROS INSUMOS","CENTRAIS DE ABASTECIMENTO DO PARÁ SA","Dependente","ATIVA",0,0,-1214479.29,NA,"DEPENDENTE",NA
"Pará","DESENVOLVIMENTO REGIONAL","COMP ADM DA ZONA DE PROCESSAMNETO DE EXP DE BARCARENA","Não Dependente","ATIVA",15512125,0,52628.13,"https://www,codec,pa,gov,br/wp-content/uploads/2024/04/Carta-Anual-de-Politicas-Publicas-e-Governanca-Corpor","NÃO DEPENDENTE",NA
"Pará","DESENVOLVIMENTO REGIONAL","COMP DE DESENVOLVIMENTO ECONÔMICO DO PARÁ","Dependente","ATIVA",0,87291.85,7750703.93,"https://www,codec,pa,gov,br/wp-content/uploads/2024/04/Carta-Anual-de-Politicas-Publicas-e-Governanca-Corpor","DEPENDENTE",NA
"Pará","FINANCEIRO","BANCO DO ESTADO DO PARÁ","Não Dependente","ATIVA",0,137280294.1,368068562.89,"https://api,mziq,com/mzfilemanager/v2/d/ad376861-25c2-483f-915c-157a43ebd1eb/e77b4d98-1397-6186-0a86-3bd9a17ba7f4?origin=1","NÃO DEPENDENTE",NA
"Pará","GÁS E DERIVADOS","COMPANHIA DE GÁS DO PARÁ","Não Dependente","ATIVA",0,5454382.99,36486626.58,"https://www,gasdopara,com,br/transparencia-publica/normativos-internos","NÃO DEPENDENTE",NA
"Pará","HABITAÇÃO E URBANIZAÇÃO","COMPANHIA DE HABITAÇÃO DO ESTADO DO PARÁ","Dependente","ATIVA",0,0,64618631.94,"https://www,cohab,pa,gov,br/sites/default/files/cohab-pa_relatorio_de_gestao_2024,pdf","DEPENDENTE",NA
"Pará","INFORMÁTICA E TECNOLOGIA DA INFORMAÇÃO","EMPRESA DE PROCESSAMNETO DE DADOS","Dependente","ATIVA",0,34231846.19,-3840412.37,NA,"DEPENDENTE",NA
"Pará","PESQUISA E ASSISTÊNCIA TÉCNICA AGROPECUÁRIA","EMPRESA DE ASSITÊNCIA TÉCNICA E EXTENSÃO RURAL","Dependente","ATIVA",0,0,7234508.18,"https://www,emater,pa,gov,br/storage/app/media/4_%20CARTA%20ANUAL2022,pdf","DEPENDENTE",NA
"Pará","PORTOS E HIDROVIAS","COMPANHIA DE PORTOS E HIDROVIAS DO ESTADO DO PARÁ","Dependente","ATIVA",0,0,270414783.73,NA,"DEPENDENTE",NA
"Pará","SANEAMENTO","COMPANHIA DE SANEAMENTO DO PARÁ","Não Dependente","ATIVA",22911776.73,0,-304884941.61,"https://ri,cosanpa,pa,gov,br/wp-content/uploads/2024/12/Carta-Anual-de-Governanca-2024,pdf","NÃO DEPENDENTE",NA
"Pernambuco","COMUNICAÇÃO","COMPANHIA EDITORA DE PERNAMBUCO","Não Dependente","ATIVA",0,2131635.27,177996,"https://www,cepe,com,br/governanca-corporativa","NÃO DEPENDENTE",NA
"Pernambuco","COMUNICAÇÃO","EMPRESA PERNAMBUCO DE COMUNICAÇÃO SA","Dependente","ATIVA",0,22875,-1109731,"https://www,epc,pe,gov,br/documentos/","DEPENDENTE",NA
"Pernambuco","DESENVOLVIMENTO REGIONAL","AGENCIA DE DESENVOLVIMENTO ECONOMICO DE PERNAMBUCO SA","Não Dependente","ATIVA",0,0,23222481,"https://drive,google,com/file/d/1qgTFAFYEIbJEVLS1gx8FQ4cnzW5_yQ6t/view","NÃO DEPENDENTE",NA
"Pernambuco","FINANCEIRO","AGENCIA DE FOMENTO DO ESTADO DE PERNAMBUCO SA","Não Dependente","ATIVA",0,0,-2495426.72,"https://www,age,pe,gov,br/governancacorporativa","NÃO DEPENDENTE",NA
"Pernambuco","GESTÃO DE ATIVOS","PERNAMBUCO PARTICIPAÇÕES E INVESTIMENTOS SA","Dependente","ATIVA",2418337.31,82453.65,4730722.81,"https://www,perpart,pe,gov,br/images/transparencia/Carta_Anual_2024,pdf","DEPENDENTE",NA
"Pernambuco","GÁS E DERIVADOS","COMPANHIA PERNAMBUCANA DE GÁS","Não Dependente","ATIVA",0,149066549,114303783,"https://novo,copergas,com,br/portais/portal-da-governanca/index,php?option=com_content&view=article&id=29&Itemid=202","NÃO DEPENDENTE",NA
"Pernambuco","HABITAÇÃO E URBANIZAÇÃO","COMPANHIA ESTADUAL DE HABITAÇÃO E OBRAS","Dependente","ATIVA",0,314593792.78,-5331840,"ENCONTRA-SE EM ELABORAÇÃO","DEPENDENTE",NA
"Pernambuco","PESQUISA E ASSISTÊNCIA TÉCNICA AGROPECUÁRIA","INSTITUTO AGRONÔMICO DE PERNAMBUCO","Dependente","ATIVA",0,15335848.04,11684063,"https://site,ipa,br/transparencia/","DEPENDENTE",NA
"Pernambuco","PORTOS E HIDROVIAS","PORTO DO RECIFE SA","Não Dependente","ATIVA",0,1558754,6260952.95,"https://www,portodorecife,pe,gov,br/governanca-corporativa,php","NÃO DEPENDENTE",NA
"Pernambuco","PORTOS E HIDROVIAS","SUAPE  COMPLEXO INDUSTRIAL PORTUARIO GOVERNADOR ERALDO GUEIROS","Não Dependente","ATIVA",0,114037754.78,92770948.24,"https://www,suape,pe,gov,br/pt/transparencia/governanca-corporativa/carta-anual-de-politicas-publicas-e-de-governanca-corporativa","NÃO DEPENDENTE",NA
"Pernambuco","SANEAMENTO","COMPANHIA PERNAMBUCANA DE SANEAMENTO","Não Dependente","ATIVA",92466285.93,433792011.24,142169045.44,"https://servicos,compesa,com,br/governanca/","NÃO DEPENDENTE",NA
"Pernambuco","SAÚDE","LABORATÓRIO FARMACÊUTICO DO ESTADO DE PE GOV MIGUEL ARRAES SA","Não Dependente","ATIVA",0,9436045,22672831.97,"https://www,lafepe,pe,gov,br/governanca","NÃO DEPENDENTE",NA
"Pernambuco","TRANSPORTE","CONSORCIO DE TRANSPORTES DA REGIAO METROPOLITANA DO RECIFE","Dependente","ATIVA",424300,1431460,7223990,"https://www,granderecife,pe,gov,br/institucional/governanca/instrumentos-de-governanca/","DEPENDENTE",NA
"Pernambuco","TRANSPORTE","EMPRESA PERNAMBUCANA DE TRANSPORTE COLETIVO INTERMUNICIPAL","Dependente","ATIVA",1e+06,193165,-2187495,"https://www,epti,pe,gov,br/carta-anual-de-politicas-publicas-e-governanca-corporativa/","DEPENDENTE",NA
"Pernambuco","TURISMO","EMPRESA DE TURISMO DE PERNAMBUCO GOVERNADOR EDUARDO CAMPOS","Dependente","ATIVA",0,488645.52,-3448939.13,"https://www,empetur,pe,gov,br/transparencia/governanca-corporativa/74-transparencia/1410-carta-anual-sobre-politicas-publicas-e-governanca-corporativa","DEPENDENTE",NA
"Piauí","DESENVOLVIMENTO REGIONAL","Agência de Atração de Investimentos Estratégicos do Piauí SA","Não Dependente","ATIVA",4500,163540145.42,51574956.74,NA,"NÃO DEPENDENTE",NA
"Piauí","DESENVOLVIMENTO REGIONAL","COMPANHIA ADMINISTRADORA DA ZONA DE PROCESSAMENTO DE EXPORTAÇÃO DE PARNAÍBAPI SA","Não Dependente","ATIVA",0,41704.9,-11040815.94,"https://investepiaui,com/zpe/","NÃO DEPENDENTE",NA
"Piauí","FINANCEIRO","AGENCIA DE FOMENTO E DESENVOLVIMENTO DO ESTADO DO PIAUI SA","Não Dependente","ATIVA",0,0,1796764.01,"https://portal,pi,gov,br/fomento/carta-anual-de-governanca/#123-124-2023-1679469123","NÃO DEPENDENTE",NA
"Piauí","GESTÃO DE ATIVOS","EMPRESA DE GESTÃO DE RECURSOS DO ESTADO DO PIAUÍ SA","Dependente","ATIVA",131229267.6,0,4445291.67,"https://portal,pi,gov,br/emgerpi/relatorio-de-gestao/","DEPENDENTE",NA
"Piauí","GÁS E DERIVADOS","COMPANHIA DE GAS DO PIAUI  GASPISA","Dependente","ATIVA",2438398,55536.5,-1129569.72,"NÃO POSSUI","DEPENDENTE",NA
"Piauí","INFORMÁTICA E TECNOLOGIA DA INFORMAÇÃO","EMPRESA DE TECNOLOGIA DA INFORMAÇÃO DO PIAUÍ","Não Dependente","ATIVA",0,992807.27,41654555.46,"https://www,etipi,com,br/documentos/governanca","NÃO DEPENDENTE",NA
"Piauí","INFORMÁTICA E TECNOLOGIA DA INFORMAÇÃO","PIAUÍ INSTITUTO DE TECNOLOGIA SA","Não Dependente","ATIVA",27000,0,-227233.61,NA,"NÃO DEPENDENTE",NA
"Piauí","INFORMÁTICA E TECNOLOGIA DA INFORMAÇÃO","PIAUÍ LINK SA","Não Dependente","ATIVA",0,0,-946895.88,NA,"NÃO DEPENDENTE",NA
"Piauí","PORTOS E HIDROVIAS","COMPANHIA DE TERMINAIS ALFANDEGADOS DO PIAUÍ  PORTO PIAUÍ","Não Dependente","ATIVA",3e+07,1957965.72,0,NA,"NÃO DEPENDENTE",NA
"Piauí","SANEAMENTO","AGUAS E ESGOTOS DO PIAUÍ SA","Não Dependente","ATIVA",0,1032012985,-104703542,NA,"NÃO DEPENDENTE",NA
"Piauí","TRANSPORTE","Companhia Ferroviária e Logística do Piauí","Dependente","ATIVA",0,38114624.47,33892613.1,NA,"DEPENDENTE",NA
"Rio Grande do Norte","ABASTECIMENTO DE ALIMENTOS E OUTROS INSUMOS","Centrais de Abastecimento do Rio Grande do Norte SA","Dependente","ATIVA",0,1009798.97,28487,"https://transparencia,ceasa,rn,gov,br/p/carta-de-servicos","DEPENDENTE",NA
"Rio Grande do Norte","FINANCEIRO","AGENCIA DE FOMENTO DO RIO GRANDE DO NORTE SA","Não Dependente","ATIVA",0,465334.65,4060780.7,"https://novopainelapi,agnrn,com,br/public/uploads/files/68387a7ec033b,pdf","NÃO DEPENDENTE",NA
"Rio Grande do Norte","GESTÃO DE ATIVOS","Empresa Gestora de Ativos  EMGERN","Não Dependente","ATIVA",49900000,0,0,"http://www,adcon,rn,gov,br/ACERVO/EMGERN/DOC/DOC000000000346631,PDF","NÃO DEPENDENTE",NA
"Rio Grande do Norte","GÁS E DERIVADOS","COMPANHIA POTIGUAR DE GÁS","Não Dependente","ATIVA",3550964.98,16281871.98,58608385.72,"https://www,potigas,com,br/storage/AcessoInformacao/Documents/2024/11/14/4n1hZyGAVd1nfSHPXa0nQch57kFkov-metaQ2FydGEgYW51YWwgZGUgUG9saXRpY2FzIGUgR292ZXJuYW5jzKdhX2NvbXByZXNzZWQucGRm-,pdf","NÃO DEPENDENTE",NA
"Rio Grande do Norte","HABITAÇÃO E URBANIZAÇÃO","CEHAB  COMPANHIA ESTADUAL DE HABITACAO E DESENVOLVIMENTO URBANO","Dependente","ATIVA",3147492.01,0,0,"https://transparencia,cehabrn,com,br/","DEPENDENTE",NA
"Rio Grande do Norte","INFORMÁTICA E TECNOLOGIA DA INFORMAÇÃO","COMPANHIA DE PROCESSAMENTO DE DADOS DO RN  DATANORTE","Dependente","ATIVA",0,0,-923250,"http://www,adcon,rn,gov,br/ACERVO/datanorte/DOC/DOC000000000351706,PDF","DEPENDENTE",NA
"Rio Grande do Norte","PESQUISA E ASSISTÊNCIA TÉCNICA AGROPECUÁRIA","EMPRESA DE PESQUISA AGROPECUÁRIA DO RN  EMPARN","Dependente","ATIVA",202013,0,-12057808,NA,"DEPENDENTE",NA
"Rio Grande do Norte","SANEAMENTO","COMPANHIA DE AGUAS E ESGOTOS DO RIO GRANDE DO NORTE","Não Dependente","ATIVA",0,319959822.47,50542946.8,"https://agencia,caern,com,br/#/carta-de-servicos","NÃO DEPENDENTE",NA
"Rio Grande do Norte","TURISMO","EMPRESA POTIGUAR DE PROMOÇÃO TURÍSTICA SA","Dependente","ATIVA",2e+05,6014689.05,-6358403,"https://www,emprotur,setur,rn,gov,br/","DEPENDENTE",NA
"Rio Grande do Sul","ABASTECIMENTO DE ALIMENTOS E OUTROS INSUMOS","Centrais de Abastecimento do Rio Grande do Sul  CEASA","Não Dependente","ATIVA",18122382.02,465759.66,-5644337.2,"https://ceasa,rs,gov,br/carta-anual-de-governanca-corporativa/","NÃO DEPENDENTE",NA
"Rio Grande do Sul","ABASTECIMENTO DE ALIMENTOS E OUTROS INSUMOS","Companhia Estadual de Silos e Armazéns  CESA","Não Dependente","EM LIQUIDAÇÃO",156662573.61,0,-86771443.98,NA,"NÃO DEPENDENTE",NA
"Rio Grande do Sul","FINANCEIRO","BADESUL Desenvolvimento SA  Agência de FomentoRS","Não Dependente","ATIVA",0,0,53126424.55,"https://www,badesul,com,br/transparencia#11","NÃO DEPENDENTE",NA
"Rio Grande do Sul","FINANCEIRO","Banco Regional de Desenvolvilmento do Extremo Sul  BRDE","Não Dependente","ATIVA",0,3813473.77,472452860.84,"CARTA-ANUAL_2024,pdf","NÃO DEPENDENTE",NA
"Rio Grande do Sul","FINANCEIRO","Banco do Estado do Rio Grande do Sul  BANRISUL","Não Dependente","ATIVA",0,384066290.89,916121000,"CARTA_ANUAL","NÃO DEPENDENTE",NA
"Rio Grande do Sul","GESTÃO DE ATIVOS","Caixa de Administração da Dívida Pública Estadual  CADIP","Não Dependente","ATIVA",5e+08,0,-149112.4,"Carta Anual de Governança Corporativa - CADIP - Caixa de Administração da Dívida Pública Estadual S,A,","NÃO DEPENDENTE",NA
"Rio Grande do Sul","INFORMÁTICA E TECNOLOGIA DA INFORMAÇÃO","Companhia de Processamento de Dados do Estado do RS  PROCERGS","Não Dependente","ATIVA",0,14330401.84,-16592949.24,"https://www,procergs,rs,gov,br/carta-de-governanca-corporativa","NÃO DEPENDENTE",NA
"Rio Grande do Sul","MINERAÇÃO","Companhia Riograndense de Mineração  CRM","Não Dependente","ATIVA",74989104.36,237785.55,11783663.57,"https://admin,crm,rs,gov,br/upload/arquivos/202502/10115406-carta-anual-2023-assinada,pdf","NÃO DEPENDENTE",NA
"Rio Grande do Sul","PORTOS E HIDROVIAS","PORTOS RS  AUTORIDADE PORTUÁRIA DOS PORTOS DO RIO GRANDE DO SUL SA","Não Dependente","ATIVA",3905700.13,198479587,-107798557,"https://www,portosrs,com,br/site/public/uploads/site/cartas/3,pdf","NÃO DEPENDENTE",NA
"Rio Grande do Sul","TRANSPORTE","Empresa Gaúcha de Rodovias  EGR","Não Dependente","ATIVA",5e+05,0,7101553.55,"https://www,egr,rs,gov,br/cartas-anuais","NÃO DEPENDENTE",NA
"Rio de Janeiro","ABASTECIMENTO DE ALIMENTOS E OUTROS INSUMOS","CENTRAIS DE ABASTECIMENTO DO ESTADO DO RIO DE JANEIRO SA  CEASA","Dependente","ATIVA",0,2592351,-1844059.14,"informação de preenchimento não obrigatório","DEPENDENTE",NA
"Rio de Janeiro","ABASTECIMENTO DE ALIMENTOS E OUTROS INSUMOS","COMPANHIA DE ARMAZÉNS E SILOS DO ESTADO DO RIO DE JANEIRO  CASERJ","Dependente","ATIVA",0,0,-116498.37,"0","DEPENDENTE",NA
"Rio de Janeiro","COMUNICAÇÃO","IMPRENSA OFICIAL DO ESTADO DO RIO DE JANEIRO","Não Dependente","ATIVA",0,0,-18820792.24,NA,"NÃO DEPENDENTE",NA
"Rio de Janeiro","DESENVOLVIMENTO REGIONAL","Companhia de Desenvolvimento Industrial do Estado do Rio de Janeiro  CODIN","Dependente","ATIVA",0,10921740,492800.5,"0","DEPENDENTE",NA
"Rio de Janeiro","ENERGIA","CENTRAIS ELETRICAS FLUMINENSES SA CELF  EM LIQUIDAÇÃO ORDINÁRIA","Não Dependente","EM LIQUIDAÇÃO",0,0,0,"informação de preenchimento não obrigatório","NÃO DEPENDENTE",NA
"Rio de Janeiro","FINANCEIRO","AGÊNCIA DE FOMENTO DO ESTADO DO RJ","Não Dependente","ATIVA",0,587036.36,6757408.44,NA,"NÃO DEPENDENTE",NA
"Rio de Janeiro","FINANCEIRO","BANCO DE DESENVOLVIMENTO DO ESTADO DO RJ SA EM LIQUIDAÇÃO","Não Dependente","EM LIQUIDAÇÃO",0,0,-230727.02,"texto","NÃO DEPENDENTE",NA
"Rio de Janeiro","FINANCEIRO","COMPANHIA FLUMINENSE DE SECURITIZAÇÃO SA EM LIQUIDAÇÃO ORDINÁRIA","Não Dependente","EM LIQUIDAÇÃO",0,0,-2196.08,"0","NÃO DEPENDENTE",NA
"Rio de Janeiro","FINANCEIRO","DISTRIBUIDORA DE TITULOS E VALORES MOBILIARIOS DO EST DO RJ SA  EM LIQUIDAÇÃO ORDINÁRIA","Não Dependente","EM LIQUIDAÇÃO",0,0,-20866.25,"informação de preenchimento não obrigatório","NÃO DEPENDENTE",NA
"Rio de Janeiro","HABITAÇÃO E URBANIZAÇÃO","COMPANHIA ESTADUAL DE HABITAÇÃO DO RIO DE JANEIRO","Dependente","ATIVA",0,203656729.35,-9055528.01,"texto","DEPENDENTE",NA
"Rio de Janeiro","HABITAÇÃO E URBANIZAÇÃO","Empresa de Obras Públicas do Estado do Rio de Janeiro","Dependente","ATIVA",0,0,-20605.22,"informação de preenchimento não obrigatório","DEPENDENTE",NA
"Rio de Janeiro","PESQUISA E ASSISTÊNCIA TÉCNICA AGROPECUÁRIA","Empresa de Assistência Técnica e Extensão Rural do Etado do Rio de Janeiro  EMATERRIO","Dependente","ATIVA",0,1352756.56,-256478.42,"https://www,rj,gov,br/emater/sites/default/files/arquivos_pagina/CARTA_DE_SERVICOS_DA_EMATER_RIO,pdf","DEPENDENTE",NA
"Rio de Janeiro","PESQUISA E ASSISTÊNCIA TÉCNICA AGROPECUÁRIA","Empresa de Pesquisa Agropecuária do Estado do Rio de Janeiro  PesagroRJ","Dependente","ATIVA",0,3340033.33,0,"0","DEPENDENTE",NA
"Rio de Janeiro","SANEAMENTO","Companhia Estadual de Águas e Esgotos  CEDAE","Não Dependente","ATIVA",0,18613000,708756000,"https://storage,googleapis,com/sitecedae/Governan%C3%A7a/Carta_Anual_de_Politicas_Publicas_e_Governanca_2023,pdf","NÃO DEPENDENTE",NA
"Rio de Janeiro","SAÚDE","INSTITUTO VITAL BRAZIL SA","Dependente","ATIVA",0,3270932.2,-6699565.65,"0","DEPENDENTE",NA
"Rio de Janeiro","TRANSPORTE","COMPANHIA DE TRANSPORTES COLETIVOS DO ESTADO DO RIO DE JANEIRO CTCRJ EM LIQUIDAÇÃO","Dependente","EM LIQUIDAÇÃO",0,0,10206.59,"texto","DEPENDENTE",NA
"Rio de Janeiro","TRANSPORTE","COMPANHIA DE TRANSPORTES SOBRE TRILHOS RJ","Dependente","ATIVA",0,0,-7474347,"https://www,rj,gov,br/riotrilhos/carta_politica_publica","DEPENDENTE",NA
"Rio de Janeiro","TRANSPORTE","COMPANHIA DO METROPOLITANO DO RIO DE JANEIRO  METRÔ EL","Dependente","EM LIQUIDAÇÃO",0,30000,-144237772.7,NA,"DEPENDENTE",NA
"Rio de Janeiro","TRANSPORTE","COMPANHIA FLUMINENSE DE TRENS URBANOS  FLUMITRENS EL","Dependente","EM LIQUIDAÇÃO",0,6436544,-158849929.86,NA,"DEPENDENTE",NA
"Rio de Janeiro","TRANSPORTE","Companhia Estadual de Engenharia de Transportes e Logística  CENTRALRJ","Dependente","ATIVA",0,0,-4118713.34,"informação de preenchimento não obrigatório","DEPENDENTE",NA
"Rio de Janeiro","TRANSPORTE","Companhia de Desenvolvimento Rodoviário e Terminais do Estado do Rio de Janeiro  CODERTE","Dependente","ATIVA",0,20877.18,-46139029.34,"0","DEPENDENTE",NA
"Rio de Janeiro","TURISMO","Companhia de Turismo do Estado do Rio de Janeiro  TurisRio","Dependente","ATIVA",0,0,1993742.53,"texto","DEPENDENTE",NA
"Rondônia","FINANCEIRO","BANCO DO ESTADO DE RONDONIA SA","Não Dependente","EM LIQUIDAÇÃO",0,0,0,NA,"NÃO DEPENDENTE",NA
"Rondônia","GÁS E DERIVADOS","COMPANHIA RONDONIENSE DE GÁS  RONGÁS","Não Dependente","ATIVA",255000,0,385507.13,"-","NÃO DEPENDENTE",NA
"Rondônia","HABITAÇÃO E URBANIZAÇÃO","COMPANHIA DE DESENVOLVIMENTO URBANO E RURAL DE RONDONIA","Não Dependente","EM LIQUIDAÇÃO",0,0,0,NA,"NÃO DEPENDENTE",NA
"Rondônia","INFORMÁTICA E TECNOLOGIA DA INFORMAÇÃO","COMPANHIA DE PROCESSAMENTO DE DADOS DO ESTADO DE RONDONIA","Não Dependente","EM LIQUIDAÇÃO",0,0,0,NA,"NÃO DEPENDENTE",NA
"Rondônia","MINERAÇÃO","COMPANHIA DE MINERAÇÃO DE RONDÔNIA  CMR","Não Dependente","ATIVA",0,454519.84,-2511833.12,"https://transparencia,ro,gov,br/PastasEmArvore/Pastas?id=0538a357-5c3a-48d5-95e6-506e925853aa","NÃO DEPENDENTE",NA
"Rondônia","PORTOS E HIDROVIAS","SOCIEDADE DE PORTOS E HIDROVIAS DO ESTADO DE RONDONIASOPH","Não Dependente","ATIVA",0,1432930.61,-371393.26,"-","NÃO DEPENDENTE",NA
"Rondônia","SANEAMENTO","COMPANHIA DE ÁGUA E ESGOTO DE RONDÔNIA CAERD","Não Dependente","ATIVA",0,30383091.75,2082510.26,"https://transparencia,caerd-ro,com,br/carta-anual-de-politicas-publicas-e-governanca-corporativa","NÃO DEPENDENTE",NA
"Roraima","COMUNICAÇÃO","RÁDIO RORAIMA","Dependente","ATIVA",0,48083.8,2270915.54,"https://sei,rr,gov,br/sei/controlador,php?acao=arvore_visualizar&acao_origem=procedimento_visualizar&id_procedimento=18258988&id_documento=18379666&infra_sistema=100000100&infra_unidade_atual=110003189&infra_hash=5f6e050932e9a23188ad9bb87c9c9e1ba5faa535fe3e327e2db0cda9884ac197","DEPENDENTE",NA
"Roraima","DESENVOLVIMENTO REGIONAL","COMPANHIA DE DESENVOLVIMENTO DE RORAIMA  CODESAIMA","Dependente","ATIVA",0,260830.72,-132300.81,"https://sei,rr,gov,br/sei/controlador,php?acao=arvore_visualizar&acao_origem=procedimento_visualizar&id_procedimento=18258988&id_documento=18379666&infra_sistema=100000100&infra_unidade_atual=110003189&infra_hash=5f6e050932e9a23188ad9bb87c9c9e1ba5faa535fe3e327e2db0cda9884ac197","DEPENDENTE",NA
"Roraima","ENERGIA","COMPANHIA ENERGÉTICA DE RORAIMA  CERR","Dependente","EM LIQUIDAÇÃO",82331953.11,0,794215.69,"https://www,imprensaoficial,rr,gov,br/app/_visualizar-doe/","DEPENDENTE",NA
"Roraima","FINANCEIRO","AGENCIA DE FOMENTO DO ESTADO DE RORAIMA SA","Dependente","ATIVA",0,0,-248374.57,"https://desenvolverr,com,br/transparencia/","DEPENDENTE",NA
"Roraima","SANEAMENTO","COMPANHIA DE ÁGUAS E ESGOTOS DE RORAIMA CAER","Não Dependente","ATIVA",16853881.6,16169239,225200633.16,"caer,com,br/transparencia/","NÃO DEPENDENTE",NA
"Santa Catarina","ABASTECIMENTO DE ALIMENTOS E OUTROS INSUMOS","Centrais de Abastecimento de Santa Catarina","Não Dependente","ATIVA",1455785.92,203764.25,1187883.87,NA,"NÃO DEPENDENTE",NA
"Santa Catarina","DESENVOLVIMENTO REGIONAL","Administradora da Zona de Processamento de Exportação SAIAZPE","Não Dependente","ATIVA",0,0,-44898.74,NA,"NÃO DEPENDENTE",NA
"Santa Catarina","ENERGIA","Centrais Elétricas de Santa Catarina S A","Não Dependente","ATIVA",0,1264694000,715182000,"https://api,mziq,com/mzfilemanager/v2/d/137b4414-3d0c-493e-8b59-0d02bc3e4072/9b39257e-9aad-d42b-bdc4-c955a0e46297?origin=1","NÃO DEPENDENTE",NA
"Santa Catarina","FINANCEIRO","AGÊNCIA DE FOMENTO DO ESTADO DE SANTA CATARINA SA","Não Dependente","ATIVA",737406307.07,2060000,114459000,"http://transparencia,badesc,gov,br/gestaoEstadual/cartaGovernanca","NÃO DEPENDENTE",NA
"Santa Catarina","FINANCEIRO","BANCO REGIONAL DE DESENVOLVIMENTO DO EXTREMO SUL","Não Dependente","ATIVA",0,3813473.77,472452860.84,"https://www,brde,com,br/wp-content/uploads/2024/10/CARTA-ANUAL_2024,pdf","NÃO DEPENDENTE",NA
"Santa Catarina","FINANCEIRO","BESCOR BESC CORRETORA DE SEGUORS E ADMINISTRADORA DE BENS","Não Dependente","EM LIQUIDAÇÃO",0,0,259557.92,NA,"NÃO DEPENDENTE",NA
"Santa Catarina","FINANCEIRO","Santa Catarina Participação e Investimentos SA","Não Dependente","ATIVA",117204239.52,0,-1399235709,NA,"NÃO DEPENDENTE",NA
"Santa Catarina","GESTÃO DE ATIVOS","SC PARTICIPACOES E PARCERIAS SA  SCPAR","Não Dependente","ATIVA",0,225966.04,23025716.17,"http://transparencia,scpar,sc,gov,br/scpar/responsabilidade-fiscal/prestacao-de-contas/prestacao-de-contas-anual","NÃO DEPENDENTE",NA
"Santa Catarina","HABITAÇÃO E URBANIZAÇÃO","COMPANHIA DE HABITAÇÃO DO ESTADO DE SANTA CATARINA","Dependente","EM LIQUIDAÇÃO",0,0,537560,NA,"DEPENDENTE",NA
"Santa Catarina","HABITAÇÃO E URBANIZAÇÃO","SAPIENS PARQUE SA","Não Dependente","ATIVA",0,131978.93,55603427.43,NA,"NÃO DEPENDENTE",NA
"Santa Catarina","INFORMÁTICA E TECNOLOGIA DA INFORMAÇÃO","CENTRO DE INFORMATICA E AUTOMAÇÃO DO ESTADO DE SC SA","Não Dependente","ATIVA",18711004.5,8208279.33,-13702055.37,NA,"NÃO DEPENDENTE",NA
"Santa Catarina","PESQUISA E ASSISTÊNCIA TÉCNICA AGROPECUÁRIA","Companhia Integrada de Desenvolvimento Agrícola de Santa Catarina","Dependente","ATIVA",0,3496435.63,-4523290.33,"https://www,cidasc,sc,gov,br/wp-content/uploads/2024/05/CAGC-2024,docx,pdf","DEPENDENTE",NA
"Santa Catarina","PESQUISA E ASSISTÊNCIA TÉCNICA AGROPECUÁRIA","EMPRESA DE PESQUISA AGROPECUÁRIA E EXTENSÃO RURAL DE SANTA CATARINA","Dependente","ATIVA",0,20240225,-12199694.87,"https://transparencia,epagri,sc,gov,br/wp-content/uploads/2025/04/CAR,DEPLAN,0001,v,02,01-Carta-anual-de-governanca-corporativa-2025,pdf","DEPENDENTE",NA
"Santa Catarina","SANEAMENTO","Companhia Catarinense de Águas e Saneamento","Não Dependente","ATIVA",0,601985924,243027590,"https://ri,casan,com,br/governanca-corporativa/carta-anual-de-politicas-publicas-e-governanca-corporativa/","NÃO DEPENDENTE",NA
"Santa Catarina","TURISMO","COMPANHIA HIDROMINERAL CALDAS DA IMPERATRIZ","Não Dependente","ATIVA",12651041.42,0,-1612417.77,NA,"NÃO DEPENDENTE",NA
"Santa Catarina","TURISMO","SANTA CATARINA TURISMO SA","Dependente","EM LIQUIDAÇÃO",1165848,0,-233560,NA,"DEPENDENTE",NA
"Sergipe","ABASTECIMENTO DE ALIMENTOS E OUTROS INSUMOS","Companhia de Desenvolvimento de Recursos Hídricos e Irrigação de Sergipe","Dependente","ATIVA",0,0,-452596.22,NA,"DEPENDENTE",NA
"Sergipe","COMUNICAÇÃO","Imprensa Oficial de Sergipe","Não Dependente","ATIVA",0,0,-1268136.93,NA,"NÃO DEPENDENTE",NA
"Sergipe","DESENVOLVIMENTO REGIONAL","Agência Sergipe de Desenvolvimento SA","Não Dependente","ATIVA",7600000,0,6106334.36,NA,"NÃO DEPENDENTE",NA
"Sergipe","DESENVOLVIMENTO REGIONAL","Companhia de Desenvolvimento Economico de Sergipe","Dependente","ATIVA",0,2425591.09,-4066941.79,NA,"DEPENDENTE",NA
"Sergipe","DESENVOLVIMENTO REGIONAL","Empresa de Desenvolvimento Sustentavel do Estado de Sergipe","Dependente","ATIVA",0,0,-622130.7,"https://www,pronese,se,gov,br/transparencia","DEPENDENTE",NA
"Sergipe","DESENVOLVIMENTO REGIONAL","Zona de Processamento de Exportação de Sergipe","Dependente","ATIVA",415798.29,0,806.43,NA,"DEPENDENTE",NA
"Sergipe","FINANCEIRO","Banco do Estado de Sergipe SA","Não Dependente","ATIVA",0,35584140,146703661.71,"https://api,mziq,com/mzfilemanager/v2/d/ef576ca8-6e1a-4602-996d-9d5513d6ee06/e77c56ea-7465-057c-8a32-174eb9aa594e?origin=1","NÃO DEPENDENTE",NA
"Sergipe","GÁS E DERIVADOS","Sergipe Gás SA","Não Dependente","ATIVA",0,13266913.62,28391870.51,"https://www,sergipegas,com,br/documentos/?dir=Informa%C3%A7%C3%B5es%20Institucionais/Legisla%C3%A7%C3%A3o%20Interna/Carta%20Anual","NÃO DEPENDENTE",NA
"Sergipe","HABITAÇÃO E URBANIZAÇÃO","Companhia Estadual de Habitação e Obras Públicas","Dependente","ATIVA",0,81443.98,-4964071.87,NA,"DEPENDENTE",NA
"Sergipe","INFORMÁTICA E TECNOLOGIA DA INFORMAÇÃO","Empresa Sergipana de Tecnologia da Informação","Dependente","ATIVA",0,0,57238.89,NA,"DEPENDENTE",NA
"Sergipe","PESQUISA E ASSISTÊNCIA TÉCNICA AGROPECUÁRIA","Empresa de Desenvolvimento Agropecuário de Sergipe","Dependente","ATIVA",0,1713659.95,4571448.83,"https://www,emdagro,se,gov,br","DEPENDENTE",NA
"Sergipe","SANEAMENTO","Companhia de Saneamento de Sergipe","Não Dependente","ATIVA",739690828,172035498,10018432,"https://transparencia,deso-se,com,br/","NÃO DEPENDENTE",NA
"Sergipe","TURISMO","Empresa Sergipana de Turismo SA","Dependente","ATIVA",0,0,-104097.36,"https://www,se,gov,br/emsetur/emsetur_transparencia","DEPENDENTE",NA
"São Paulo","FINANCEIRO","COMPANHIA PAULISTA DE SECURITIZAÇÃO","Não Dependente","ATIVA",0,0,24495157.79,"https://portal,fazenda,sp,gov,br/Institucional/Paginas/CPSEC/CPSEC,aspx","NÃO DEPENDENTE",NA
"São Paulo","FINANCEIRO","DESENVOLVE SP  AGÊNCIA DE FOMENTO DO ESTADO DE SÃO PAULO SA","Não Dependente","ATIVA",0,0,186778991.84,"https://www,desenvolvesp,com,br/institucional/transparencia/prestacao-de-contas/carta-anual-de-politicas-publicas-e-governanca-corporativa/","NÃO DEPENDENTE",NA
"São Paulo","GESTÃO DE ATIVOS","COMPANHIA PAULISTA DE PARCERIAS","Não Dependente","ATIVA",0,0,178742070.14,NA,"NÃO DEPENDENTE",NA
"São Paulo","HABITAÇÃO E URBANIZAÇÃO","COMPANHIA DE DESENVOLVIMENTO HABITACIONAL E URBANO DO ESTADO DE SÃO PAULO","Não Dependente","ATIVA",1646836915,2110353478.06,-1046612000,NA,"NÃO DEPENDENTE",NA
"São Paulo","INFORMÁTICA E TECNOLOGIA DA INFORMAÇÃO","COMPANHIA DE PROCESSAMENTO DE DADOS DO ESTADO DE SÃO PAULO","Não Dependente","ATIVA",0,386699568.71,101257571.59,"https://www,prodesp,sp,gov,br/wp-content/uploads/2025/04/Carta-de-Politicas-Publicas-e-Governanca-Corporativa_2024,pdf","NÃO DEPENDENTE",NA
"São Paulo","INFORMÁTICA E TECNOLOGIA DA INFORMAÇÃO","INSTITUTO DE PESQUISAS TECNOLÓGICAS DO ESTADO DE SÃO PAULO SA","Dependente","ATIVA",0,16965470.02,-6232622.54,"https://ipt,br/wp-content/uploads/2025/03/Carta-anual-2024,pdf","DEPENDENTE",NA
"São Paulo","OUTROS","COMPANHIA AMBIENTAL DO ESTADO DE SÃO PAULO","Dependente","ATIVA",0,0,40283654.44,"https://cetesb,sp,gov,br/balancos-patrimoniais/","DEPENDENTE",NA
"São Paulo","PORTOS E HIDROVIAS","COMPANHIA DOCAS DE SÃO SEBASTIÃO","Dependente","ATIVA",13062155,12560202.73,-2544481,"https://portoss,sp,gov,br/home/transparencia/governanca/","DEPENDENTE",NA
"São Paulo","TRANSPORTE","COMPANHIA DO METROPOLITANO DE SAO PAULO","Dependente","ATIVA",0,4076179000,-347519070.47,"https://transparencia,metrosp,com,br/dataset/cartas-anuais-companhia-do-metr%C3%B4-de-sp/resource/f01e4046-b8b7-430c-991a-753ef2beff5e","DEPENDENTE",NA
"São Paulo","TRANSPORTE","COMPANHIA PAULISTA DE TRENS METROPOLITANOS","Dependente","ATIVA",0,372877390.24,-548444471.86,"https://www,cptm,sp,gov,br/esg-consciente/Governanca/BalancosDemonstrativos/Relat%C3%B3rio%20Integrado%20CPTM%202024,zip","DEPENDENTE",NA
"São Paulo","TRANSPORTE","EMPRESA METROPOLITANA DE TRANSPORTES URBANOS DE SÃO PAULO SA","Não Dependente","ATIVA",366848802.23,313998069.75,-24968868.98,"https://www,emtu,sp,gov,br/emtu/pdf/relatorio-gestao-24,pdf","NÃO DEPENDENTE",NA
"Tocantins","FINANCEIRO","AGÊNCIA DE FOMENTO DO ESTADO DO TOCANTINS SA","Não Dependente","ATIVA",165707.66,101000,588578.63,NA,"NÃO DEPENDENTE",NA
"Tocantins","HABITAÇÃO E URBANIZAÇÃO","COMPANHIA IMOBILIÁRIA DE PARTICIPAÇÕES INVESTIMENTOS E PARCERIAS DO ESTADO DO TOCANTINS  TOCANTINS PARCERIAS","Não Dependente","ATIVA",3.5e+07,853053.33,-6307597.96,NA,"NÃO DEPENDENTE",NA
"Tocantins","MINERAÇÃO","COMPANHIA DE MINERAÇÃO DO TOCANTINS","Não Dependente","ATIVA",30793584.98,1156576.95,465147.98,NA,"NÃO DEPENDENTE",NA
