"";"Estado";"emp";"sit";"setor";"esp";"dep";"PL";"lucros";"gov_ca";"gov_cf";"gov_aud";"maior_rem";"plr_rva";"qde_empregados";"desp_investimento";"desp_pessoal";"Dividendos";"Subvenção";"Subvenção (anterior)";"Reforço de Capital";"Reforço de Capital (anterior)";"capital";"link";"indicio_dependencia";"Nome_estado";"REGIAO";"gov";"result_NA";"Resultado para o Estado Acionista"
"1";"PI";"AGUAS E ESGOTOS DO PIAUÍ SA";"ATIVA";"SANEAMENTO";"SOCIEDADE DE ECONOMIA MISTA";"Não Dependente";-651271903,95;-104703542;"SIM";"SIM";"NÃO";65334,32;"Não";2388;1032012985;231622998;0;198060292,17;786512172;0;34408805;0;NA;"NÃO DEPENDENTE";"Piauí";"Nordeste";FALSE;FALSE;-198060292,17
"2";"AC";"Administradora da Zona de Processamento de Exportação do Acre  AZPEAC";"ATIVA";"DESENVOLVIMENTO REGIONAL";"SOCIEDADE DE ECONOMIA MISTA";"Dependente";0;0;"SIM";"SIM";"NÃO";0;"Não";0;0;0;0;0;0;0;0;0;NA;"DEPENDENTE";"Acre";"Norte";FALSE;FALSE;0
"3";"BA";"BAHIA PESCA SA";"ATIVA";"ABASTECIMENTO DE ALIMENTOS E OUTROS INSUMOS";"SOCIEDADE DE ECONOMIA MISTA";"Dependente";-3362003;3377901;"SIM";"SIM";"NÃO";379709,85;"Não";110;865276;13857900;0;6890791,41;5400883;0;0;0;"https://www,ba,gov,br/bahiapesca/sites/site-bahiapesca/files/2024-12/Carta%20Anual%20exerc%C3%ADcio%202023,pdf";"DEPENDENTE";"Bahia";"Nordeste";FALSE;FALSE;-6890791,41
"4";"RO";"BANCO DO ESTADO DE RONDONIA SA";"EM LIQUIDAÇÃO";"FINANCEIRO";"SOCIEDADE DE ECONOMIA MISTA";"Não Dependente";0;0;"NÃO";"NÃO";"NÃO";0;"Não";0;0;0;0;0;0;0;0;0;NA;"NÃO DEPENDENTE";"Rondônia";"Norte";FALSE;FALSE;0
"5";"DF";"BRB Participacoes";"ATIVA";"FINANCEIRO";"EMPRESA PÚBLICA";"Não Dependente";0;0;"SIM";"NÃO";"NÃO";0;"Não";0;0;0;0;0;0;0;0;0;NA;"NÃO DEPENDENTE";"Distrito Federal";"Centro-oeste";FALSE;FALSE;0
"6";"AC";"Banco do Estado do Acre  BANACRE";"EM LIQUIDAÇÃO";"FINANCEIRO";"SOCIEDADE DE ECONOMIA MISTA";"Dependente";-199341952,72;-2514600,66;"SIM";"SIM";"NÃO";109184,47;"Não";12;2348,39;1444341,25;0;1774048,96;1780362,81;0;0;0;NA;"DEPENDENTE";"Acre";"Norte";FALSE;FALSE;-1774048,96
"7";"PA";"CENTRAIS DE ABASTECIMENTO DO PARÁ SA";"ATIVA";"ABASTECIMENTO DE ALIMENTOS E OUTROS INSUMOS";"SOCIEDADE DE ECONOMIA MISTA";"Dependente";-17175189,01;-1214479,29;"SIM";"SIM";"SIM";7705774,29;"Não";80;0;7705774,29;0;19765292,32;20533029,77;0;0;0;NA;"DEPENDENTE";"Pará";"Norte";TRUE;FALSE;-19765292,32
"8";"BA";"COMPANHA DE DESENVOLVIMENTO E AÇÃO REGIONAL";"ATIVA";"DESENVOLVIMENTO REGIONAL";"EMPRESA PÚBLICA";"Dependente";-37037212,28;2270183,67;"SIM";"SIM";"NÃO";463700,92;"Não";375;0;43114341,42;0;62005725,58;51115066,74;0;0;12513332,2;"https://www,car,ba,gov,br/sites/default/files/2025-01/Carta%20Anual%202025,pdf";"DEPENDENTE";"Bahia";"Nordeste";FALSE;FALSE;-62005725,58
"9";"BA";"COMPANHIA BAIANA DE PESQUISA MINERAL";"ATIVA";"MINERAÇÃO";"SOCIEDADE DE ECONOMIA MISTA";"Dependente";-83137844,53;-10532825,51;"SIM";"SIM";"NÃO";463398,48;"Não";141;787226;53051335,29;0;8346554,7;6087023,91;0;0;0;"http://www,cbpm,ba,gov,br/transparencia/carta-anual-de-politicas-publicas-e-governanca-corporativa/";"DEPENDENTE";"Bahia";"Nordeste";FALSE;FALSE;-8346554,7
"10";"RO";"COMPANHIA DE DESENVOLVIMENTO URBANO E RURAL DE RONDONIA";"EM LIQUIDAÇÃO";"HABITAÇÃO E URBANIZAÇÃO";"SOCIEDADE DE ECONOMIA MISTA";"Não Dependente";0;0;"NÃO";"NÃO";"NÃO";0;"Não";0;0;0;0;0;0;0;0;0;NA;"NÃO DEPENDENTE";"Rondônia";"Norte";FALSE;FALSE;0
"11";"MG";"COMPANHIA DE HABITAÇÃO DO ESTADO DE MINAS GERAIS  COHAB MINAS";"ATIVA";"HABITAÇÃO E URBANIZAÇÃO";"SOCIEDADE DE ECONOMIA MISTA";"Não Dependente";-345896366,66;-45750000;"SIM";"SIM";"NÃO";273888,04;"Não";174;0;42323554,59;0;0;0;57860465;16673866,23;69712750,65;"http://200,198,20,180/wp-content/uploads/2025/04/5-Carta-Anual-de-Politicas-Publicas-e-Governanca-Corporativa-2024-2025,pdf";"NÃO DEPENDENTE";"Minas Gerais";"Sudeste";FALSE;FALSE;-57860465
"12";"SC";"COMPANHIA DE HABITAÇÃO DO ESTADO DE SANTA CATARINA";"EM LIQUIDAÇÃO";"HABITAÇÃO E URBANIZAÇÃO";"SOCIEDADE DE ECONOMIA MISTA";"Dependente";-38539154;537560;"NÃO";"SIM";"NÃO";298507,48;"Não";21;0;4894706,21;0;3436174,71;5510738;0;0;0;NA;"DEPENDENTE";"Santa Catarina";"Sul";FALSE;FALSE;-3436174,71
"13";"RO";"COMPANHIA DE PROCESSAMENTO DE DADOS DO ESTADO DE RONDONIA";"EM LIQUIDAÇÃO";"INFORMÁTICA E TECNOLOGIA DA INFORMAÇÃO";"SOCIEDADE DE ECONOMIA MISTA";"Não Dependente";0;0;"NÃO";"NÃO";"NÃO";0;"Não";0;0;0;0;0;0;0;0;0;NA;"NÃO DEPENDENTE";"Rondônia";"Norte";FALSE;FALSE;0
"14";"PI";"COMPANHIA DE TERMINAIS ALFANDEGADOS DO PIAUÍ  PORTO PIAUÍ";"ATIVA";"PORTOS E HIDROVIAS";"SOCIEDADE DE ECONOMIA MISTA";"Não Dependente";0;0;"SIM";"SIM";"SIM";274778,16;"Não";49;1957965,72;1968350,08;0;0;4411871,4;0;0;3e+07;NA;"NÃO DEPENDENTE";"Piauí";"Nordeste";TRUE;FALSE;0
"15";"RJ";"COMPANHIA DE TRANSPORTES COLETIVOS DO ESTADO DO RIO DE JANEIRO CTCRJ EM LIQUIDAÇÃO";"EM LIQUIDAÇÃO";"TRANSPORTE";"SOCIEDADE DE ECONOMIA MISTA";"Dependente";-5827145,69;10206,59;"NÃO";"NÃO";"NÃO";96000;"Não";5;0;363057,58;0;409967,21;479938,78;0;0;0;"texto";"DEPENDENTE";"Rio de Janeiro";"Sudeste";FALSE;FALSE;-409967,21
"16";"RO";"COMPANHIA DE ÁGUA E ESGOTO DE RONDÔNIA CAERD";"ATIVA";"SANEAMENTO";"SOCIEDADE DE ECONOMIA MISTA";"Não Dependente";-1198977306,98;2082510,26;"SIM";"SIM";"SIM";471043,74;"Não";964;30383091,75;116869706,89;0;14962421,49;0;0;0;0;"https://transparencia,caerd-ro,com,br/carta-anual-de-politicas-publicas-e-governanca-corporativa";"NÃO DEPENDENTE";"Rondônia";"Norte";TRUE;FALSE;-14962421,49
"17";"RR";"COMPANHIA DE ÁGUAS E ESGOTOS DE RORAIMA CAER";"ATIVA";"SANEAMENTO";"SOCIEDADE DE ECONOMIA MISTA";"Não Dependente";-450667611,54;225200633,16;"SIM";"SIM";"NÃO";484507,76;"Não";970;16169239;100478568,9;0;0;0;16853881,6;11735793,06;16853881,6;"caer,com,br/transparencia/";"NÃO DEPENDENTE";"Roraima";"Norte";FALSE;FALSE;-16853881,6
"18";"RJ";"COMPANHIA DO METROPOLITANO DO RIO DE JANEIRO  METRÔ EL";"EM LIQUIDAÇÃO";"TRANSPORTE";"SOCIEDADE DE ECONOMIA MISTA";"Dependente";-811391180,75;-144237772,7;"NÃO";"NÃO";"NÃO";0;"Não";0;30000;0;0;20322,36;14851,29;0;0;0;NA;"DEPENDENTE";"Rio de Janeiro";"Sudeste";FALSE;FALSE;-20322,36
"19";"RR";"COMPANHIA ENERGÉTICA DE RORAIMA  CERR";"EM LIQUIDAÇÃO";"ENERGIA";"SOCIEDADE DE ECONOMIA MISTA";"Dependente";-237720762,51;794215,69;"SIM";"SIM";"NÃO";277640,27;"Não";257;0;29816641,1;0;32625398,38;7079730,07;0;0;82331953,11;"https://www,imprensaoficial,rr,gov,br/app/_visualizar-doe/";"DEPENDENTE";"Roraima";"Norte";FALSE;FALSE;-32625398,38
"20";"RJ";"COMPANHIA FLUMINENSE DE SECURITIZAÇÃO SA EM LIQUIDAÇÃO ORDINÁRIA";"EM LIQUIDAÇÃO";"FINANCEIRO";"SOCIEDADE DE ECONOMIA MISTA";"Não Dependente";-174637,05;-2196,08;"NÃO";"NÃO";"NÃO";0;"Não";0;0;0;0;0;0;0;0;0;"0";"NÃO DEPENDENTE";"Rio de Janeiro";"Sudeste";FALSE;FALSE;0
"21";"RJ";"COMPANHIA FLUMINENSE DE TRENS URBANOS  FLUMITRENS EL";"EM LIQUIDAÇÃO";"TRANSPORTE";"EMPRESA PÚBLICA";"Dependente";-1377672894,59;-158849929,86;"NÃO";"NÃO";"NÃO";0;"Não";5;6436544;420931,44;0;3405335,61;3144093,62;0;0;0;NA;"DEPENDENTE";"Rio de Janeiro";"Sudeste";FALSE;FALSE;-3405335,61
"22";"MT";"COMPANHIA MATOGROSSENSE DE GAS";"ATIVA";"GÁS E DERIVADOS";"SOCIEDADE DE ECONOMIA MISTA";"Dependente";0;0;"SIM";"SIM";"NÃO";328577,76;"Não";21;852340,08;4524613,93;0;113581,49;8011265,49;0;0;0;"-";"DEPENDENTE";"Mato Grosso";"Centro-oeste";FALSE;FALSE;-113581,49
"23";"RO";"COMPANHIA RONDONIENSE DE GÁS  RONGÁS";"ATIVA";"GÁS E DERIVADOS";"SOCIEDADE DE ECONOMIA MISTA";"Não Dependente";-1666608,18;385507,13;"SIM";"SIM";"NÃO";144000;"Não";1;0;321109,35;0;0;0;0;0;255000;"-";"NÃO DEPENDENTE";"Rondônia";"Norte";FALSE;FALSE;0
"24";"PE";"CONSORCIO DE TRANSPORTES DA REGIAO METROPOLITANA DO RECIFE";"ATIVA";"TRANSPORTE";"EMPRESA PÚBLICA";"Dependente";-187784489,59;7223990;"SIM";"SIM";"NÃO";333785,58;"Não";615;1431460;188440964,63;0;501792914,06;456342055,38;0;0;424300;"https://www,granderecife,pe,gov,br/institucional/governanca/instrumentos-de-governanca/";"DEPENDENTE";"Pernambuco";"Nordeste";FALSE;FALSE;-501792914,06
"25";"GO";"Caixa Econômica do Estado de Goiás";"EM LIQUIDAÇÃO";"FINANCEIRO";"EMPRESA PÚBLICA";"Não Dependente";-425197217,7;0;"NÃO";"NÃO";"NÃO";0;"Não";0;0;0;0;0;0;0;0;0;NA;"NÃO DEPENDENTE";"Goiás";"Centro-oeste";FALSE;FALSE;0
"26";"AM";"Cia de Saneamento do Amazonas";"ATIVA";"SANEAMENTO";"SOCIEDADE DE ECONOMIA MISTA";"Dependente";-22972208,93;-8231341,87;"SIM";"SIM";"NÃO";469688,87;"Não";522;4303097,24;45340671,37;0;49576265,74;47283701,48;1290000;4042877,04;0;"Não foi publicada carta anual,";"DEPENDENTE";"Amazonas";"Norte";FALSE;FALSE;-50866265,74
"27";"DF";"Companhia Brasiliense de Gás";"ATIVA";"GÁS E DERIVADOS";"SOCIEDADE DE ECONOMIA MISTA";"Não Dependente";-1493762,37;-1029544,37;"SIM";"SIM";"NÃO";199511,49;"Não";1;0;378614,51;0;0;0;162500;318750;0;NA;"NÃO DEPENDENTE";"Distrito Federal";"Centro-oeste";FALSE;FALSE;-162500
"28";"PB";"Companhia Estadual de Habitação Popular";"ATIVA";"HABITAÇÃO E URBANIZAÇÃO";"SOCIEDADE DE ECONOMIA MISTA";"Dependente";0;0;"SIM";"SIM";"NÃO";406026,23;"Não";237;31260219,86;17305120,89;0;56120836,14;53199465,78;5211746,28;22343838,7;10059079;NA;"DEPENDENTE";"Paraíba";"Nordeste";FALSE;FALSE;-61332582,42
"29";"RS";"Companhia Estadual de Silos e Armazéns  CESA";"EM LIQUIDAÇÃO";"ABASTECIMENTO DE ALIMENTOS E OUTROS INSUMOS";"SOCIEDADE DE ECONOMIA MISTA";"Não Dependente";-544855831,86;-86771443,98;"SIM";"SIM";"NÃO";725692,78;"Não";13;0;4276378,51;0;1,7e+07;19200000;0;0;156662573,61;NA;"NÃO DEPENDENTE";"Rio Grande do Sul";"Sul";FALSE;FALSE;-1,7e+07
"30";"AC";"Companhia Industrial de Laticínios do Acre  CILA";"ATIVA";"ABASTECIMENTO DE ALIMENTOS E OUTROS INSUMOS";"EMPRESA PÚBLICA";"Dependente";-88773662,59;142443,37;"SIM";"SIM";"NÃO";2183003,74;"Não";29;1686,87;2497093,78;0;2820871,21;2317412,32;0;0;0;NA;"DEPENDENTE";"Acre";"Norte";FALSE;FALSE;-2820871,21
"31";"SC";"Companhia Integrada de Desenvolvimento Agrícola de Santa Catarina";"ATIVA";"PESQUISA E ASSISTÊNCIA TÉCNICA AGROPECUÁRIA";"EMPRESA PÚBLICA";"Dependente";-24341896,09;-4523290,33;"SIM";"SIM";"NÃO";493394,96;"Não";1400;3496435,63;257000723,78;0;262956555,83;253733123,93;0;0;0;"https://www,cidasc,sc,gov,br/wp-content/uploads/2024/05/CAGC-2024,docx,pdf";"DEPENDENTE";"Santa Catarina";"Sul";FALSE;FALSE;-262956555,83
"32";"RJ";"Companhia de Desenvolvimento Rodoviário e Terminais do Estado do Rio de Janeiro  CODERTE";"ATIVA";"TRANSPORTE";"SOCIEDADE DE ECONOMIA MISTA";"Dependente";-82709470,35;-46139029,34;"SIM";"SIM";"NÃO";346137,05;"Não";137;20877,18;11288912,58;0;0;0;0;0;0;"0";"DEPENDENTE";"Rio de Janeiro";"Sudeste";FALSE;FALSE;0
"33";"PB";"Companhia de Desenvolvimento de Recursos Minerais da Paraíba";"EM LIQUIDAÇÃO";"MINERAÇÃO";"SOCIEDADE DE ECONOMIA MISTA";"Dependente";0;0;"NÃO";"SIM";"NÃO";0;"Não";0;0;0;0;0;0;0;0;0;NA;"DEPENDENTE";"Paraíba";"Nordeste";FALSE;FALSE;0
"34";"CE";"Companhia de Habitação do Ceará";"EM LIQUIDAÇÃO";"HABITAÇÃO E URBANIZAÇÃO";"SOCIEDADE DE ECONOMIA MISTA";"Dependente";-315559232,83;-10281440,12;"NÃO";"SIM";"NÃO";121610,4;"Não";45;66780;2958289,75;0;3685417,15;9400117,83;0;0;0;NA;"DEPENDENTE";"Ceará";"Nordeste";FALSE;FALSE;-3685417,15
"35";"DF";"Companhia de Planejamento do Distrito Federal";"ATIVA";"GESTÃO DE ATIVOS";"EMPRESA PÚBLICA";"Dependente";-355358,16;-96518,78;"SIM";"SIM";"NÃO";128223,55;"Não";5;0;1328051,04;0;1363008,78;1480509,27;0;0;0;NA;"DEPENDENTE";"Distrito Federal";"Centro-oeste";FALSE;FALSE;-1363008,78
"36";"SC";"EMPRESA DE PESQUISA AGROPECUÁRIA E EXTENSÃO RURAL DE SANTA CATARINA";"ATIVA";"PESQUISA E ASSISTÊNCIA TÉCNICA AGROPECUÁRIA";"EMPRESA PÚBLICA";"Dependente";-37869823;-12199694,87;"SIM";"SIM";"NÃO";456991,71;"Não";1565;20240225;490056603,77;0;457591779;433219082;0;0;0;"https://transparencia,epagri,sc,gov,br/wp-content/uploads/2025/04/CAR,DEPLAN,0001,v,02,01-Carta-anual-de-governanca-corporativa-2025,pdf";"DEPENDENTE";"Santa Catarina";"Sul";FALSE;FALSE;-457591779
"37";"MS";"EMPRESA DE SERVIÇOS AGROPECUÁRIOS DE MS  AGROSUL";"EM LIQUIDAÇÃO";"ABASTECIMENTO DE ALIMENTOS E OUTROS INSUMOS";"EMPRESA PÚBLICA";"Dependente";-1184642144,13;-85216056,49;"NÃO";"SIM";"NÃO";0;"Não";0;0;0;0;0;0;0;0;0;NA;"DEPENDENTE";"Mato Grosso do Sul";"Centro-oeste";FALSE;FALSE;0
"38";"RN";"EMPRESA POTIGUAR DE PROMOÇÃO TURÍSTICA SA";"ATIVA";"TURISMO";"SOCIEDADE DE ECONOMIA MISTA";"Dependente";-2558403;-6358403;"SIM";"SIM";"NÃO";136342,19;"Não";79;6014689,05;3989824,83;0;15406625;13008609;0;0;2e+05;"https://www,emprotur,setur,rn,gov,br/";"DEPENDENTE";"Rio Grande do Norte";"Nordeste";FALSE;FALSE;-15406625
"39";"AC";"Empresa de Assistência Técnica e Extensão Rural do Acre  EMATER";"ATIVA";"PESQUISA E ASSISTÊNCIA TÉCNICA AGROPECUÁRIA";"EMPRESA PÚBLICA";"Dependente";-8249,79;167735,68;"SIM";"SIM";"NÃO";349852,72;"Não";152;0;18707804,19;0;23737120,78;21676919,11;2149510,24;2052870,8;0;NA;"DEPENDENTE";"Acre";"Norte";FALSE;FALSE;-25886631,02
"40";"CE";"Empresa de Assistência Técnica e Extensão Rural do Ceará";"ATIVA";"PESQUISA E ASSISTÊNCIA TÉCNICA AGROPECUÁRIA";"EMPRESA PÚBLICA";"Dependente";-93996136,26;-476324,62;"SIM";"SIM";"NÃO";503399,06;"Não";743;0;121307888,15;0;135698855,32;125847483,44;0;0;0;NA;"DEPENDENTE";"Ceará";"Nordeste";FALSE;FALSE;-135698855,32
"41";"RJ";"Empresa de Assistência Técnica e Extensão Rural do Etado do Rio de Janeiro  EMATERRIO";"ATIVA";"PESQUISA E ASSISTÊNCIA TÉCNICA AGROPECUÁRIA";"EMPRESA PÚBLICA";"Dependente";-317982,86;-256478,42;"SIM";"SIM";"NÃO";373000,79;"Não";558;1352756,56;106497407,96;0;154974893,5;131768902,88;0;0;0;"https://www,rj,gov,br/emater/sites/default/files/arquivos_pagina/CARTA_DE_SERVICOS_DA_EMATER_RIO,pdf";"DEPENDENTE";"Rio de Janeiro";"Sudeste";FALSE;FALSE;-154974893,5
"42";"SE";"Empresa de Desenvolvimento Agropecuário de Sergipe";"ATIVA";"PESQUISA E ASSISTÊNCIA TÉCNICA AGROPECUÁRIA";"EMPRESA PÚBLICA";"Dependente";-43142226,87;4571448,83;"SIM";"SIM";"NÃO";291069,6;"Não";509;1713659,95;65033000,49;0;64093517,7;53250877,3;0;0;0;"https://www,emdagro,se,gov,br";"DEPENDENTE";"Sergipe";"Nordeste";FALSE;FALSE;-64093517,7
"43";"SE";"Empresa de Desenvolvimento Sustentavel do Estado de Sergipe";"ATIVA";"DESENVOLVIMENTO REGIONAL";"EMPRESA PÚBLICA";"Dependente";-809316,46;-622130,7;"SIM";"SIM";"NÃO";428159,33;"Não";53;0;9425871,81;0;8803741,74;8586982,7;0;0;0;"https://www,pronese,se,gov,br/transparencia";"DEPENDENTE";"Sergipe";"Nordeste";FALSE;FALSE;-8803741,74
"44";"RJ";"Empresa de Obras Públicas do Estado do Rio de Janeiro";"ATIVA";"HABITAÇÃO E URBANIZAÇÃO";"EMPRESA PÚBLICA";"Dependente";-57911524,62;-20605,22;"SIM";"SIM";"NÃO";423756,29;"Não";409;0;50687611,52;0;0;0;0;0;0;"informação de preenchimento não obrigatório";"DEPENDENTE";"Rio de Janeiro";"Sudeste";FALSE;FALSE;0
"45";"BA";"HABITAÇÃO E URBANIZAÇÃO DA BAHIA SA";"EM LIQUIDAÇÃO";"HABITAÇÃO E URBANIZAÇÃO";"SOCIEDADE DE ECONOMIA MISTA";"Não Dependente";-110468503,03;-72337244,98;"SIM";"SIM";"NÃO";348209,88;"Não";51;0;9675773,02;0;0;0;0;0;0;NA;"NÃO DEPENDENTE";"Bahia";"Nordeste";FALSE;FALSE;0
"46";"GO";"Indústria Química do Estado de Goiás";"ATIVA";"SAÚDE";"SOCIEDADE DE ECONOMIA MISTA";"Dependente";-47199477,87;-185231,32;"SIM";"SIM";"SIM";240497,4;"Não";244;0;38864423,3;0;74543497,37;27650145,39;0;0;16516253,32;"https://goias,gov,br/iquego/balancos-contabeis/";"DEPENDENTE";"Goiás";"Centro-oeste";TRUE;FALSE;-74543497,37
"47";"MS";"LOTESUL  LOTERIAL ESTADUAL DE MS";"ATIVA";"FINANCEIRO";"EMPRESA PÚBLICA";"Não Dependente";0;0;"NÃO";"NÃO";"NÃO";0;"Não";0;0;0;0;0;0;0;0;0;NA;"NÃO DEPENDENTE";"Mato Grosso do Sul";"Centro-oeste";FALSE;FALSE;0
"48";"AL";"Laboratório Industrial Farmacêutico";"EM LIQUIDAÇÃO";"SAÚDE";"SOCIEDADE DE ECONOMIA MISTA";"Dependente";-50970,82;86544,66;"NÃO";"SIM";"NÃO";62321,22;"Não";0;0;4793,94;0;430375,27;354932,54;0;0;0;NA;"DEPENDENTE";"Alagoas";"Nordeste";FALSE;FALSE;-430375,27
"49";"PB";"PBTUR Hotéis SA";"ATIVA";"TURISMO";"SOCIEDADE DE ECONOMIA MISTA";"Dependente";-28930827,36;-36950434,45;"SIM";"SIM";"NÃO";21766,11;"Não";1;0;64395,21;0;131072,58;137235,98;0;0;701977,56;"https://www,pbtur,pb,gov,br/";"DEPENDENTE";"Paraíba";"Nordeste";FALSE;FALSE;-131072,58
"50";"PE";"PERNAMBUCO PARTICIPAÇÕES E INVESTIMENTOS SA";"ATIVA";"GESTÃO DE ATIVOS";"SOCIEDADE DE ECONOMIA MISTA";"Dependente";-173306115,06;4730722,81;"SIM";"SIM";"NÃO";266619,12;"Não";223;82453,65;90348534,46;0;103486318,27;116576907,02;2418337,31;3411145,63;2418337,31;"https://www,perpart,pe,gov,br/images/transparencia/Carta_Anual_2024,pdf";"DEPENDENTE";"Pernambuco";"Nordeste";FALSE;FALSE;-105904655,58
"51";"SC";"SANTA CATARINA TURISMO SA";"EM LIQUIDAÇÃO";"TURISMO";"SOCIEDADE DE ECONOMIA MISTA";"Dependente";-227931;-233560;"NÃO";"SIM";"NÃO";2709,98;"Não";31;0;6063861;0;0;0;0;0;1165848;NA;"DEPENDENTE";"Santa Catarina";"Sul";FALSE;FALSE;0
"52";"SC";"Santa Catarina Participação e Investimentos SA";"ATIVA";"FINANCEIRO";"SOCIEDADE DE ECONOMIA MISTA";"Não Dependente";-12619554620,6;-1399235709;"SIM";"SIM";"SIM";0;"Não";0;0;0;0;0;0;0;0;117204239,52;NA;"NÃO DEPENDENTE";"Santa Catarina";"Sul";TRUE;FALSE;0
"53";"AL";"Serviços de Engenharia de Alagoas SA";"EM LIQUIDAÇÃO";"OUTROS";"SOCIEDADE DE ECONOMIA MISTA";"Dependente";-1653049,78;0;"NÃO";"SIM";"NÃO";539804,72;"Não";5;0;41523,44;0;387314,54;1018063,95;0;0;0;NA;"DEPENDENTE";"Alagoas";"Nordeste";FALSE;FALSE;-387314,54
"54";"DF";"Sociedade de Abastecimento de Brasília";"EM LIQUIDAÇÃO";"SANEAMENTO";"EMPRESA PÚBLICA";"Dependente";-1727395,76;252652,15;"SIM";"SIM";"NÃO";287369,68;"Não";113;0;21157093,6;0;21416536,55;20598560,11;0;22,3;0;NA;"DEPENDENTE";"Distrito Federal";"Centro-oeste";FALSE;FALSE;-21416536,55
